ID,SUBID,ALARMLEVEL,UNITTYPE,UNITID,EQPID,DESCRIPTION,STATUS,EDITEDTIME,CLEARTIME,SETTIME
666,7296,0,CRANE,C0STKA71_C02,C0STKA71,Light Curtain,1,8/19/2024 1:17:49 PM,2024-08-19 13:17:49,2024-08-19 13:02:28
666,7296,0,CRANE,C0STKA71_C01,C0STKA71,Light Curtain,1,8/19/2024 1:17:49 PM,2024-08-19 13:17:49,2024-08-19 13:02:28
666,7296,0,CRANE,C0STKA71_C01,C0STKA71,Light Curtain,1,8/19/2024 1:17:49 PM,2024-08-19 13:17:49,2024-08-19 13:02:28
2047,,5,PORT,C0STKA71_P08,C0STKA71,LIGHT CURTAIN DETECT,1,8/19/2024 1:10:45 PM,2024-08-19 13:10:45,2024-08-19 13:02:29
2047,,5,PORT,C0STKA71_P09,C0STKA71,LIGHT CURTAIN DETECT,1,8/19/2024 1:10:40 PM,2024-08-19 13:10:40,2024-08-19 13:02:29
2022,,5,PORT,C0STKA71_M01,C0STKA71,DRIVE MANUAL,1,8/19/2024 1:03:38 PM,2024-08-19 13:03:38,2024-08-19 13:03:35
1256,,10,STKMAIN,C0STKA71,C0STKA71,CPS#1 CONV RUN OFF,3,8/19/2024 1:17:21 PM,2024-08-19 13:17:21,2024-08-19 13:03:45
1112,,0,STKMAIN,C0STKA71,C0STKA71,NCP#1 EMO,1,8/19/2024 1:03:46 PM,2024-08-19 13:03:46,2024-08-19 13:03:46
1245,,5,STKMAIN,C0STKA71,C0STKA71,Optical Modem Data Receive Error (RM2),1,8/19/2024 1:17:49 PM,2024-08-19 13:17:49,2024-08-19 13:05:48
1242,,5,STKMAIN,C0STKA71,C0STKA71,Optical Modem Data Receive Error (RM1),1,8/19/2024 1:17:49 PM,2024-08-19 13:17:49,2024-08-19 13:05:49
9900,,5,STKMAIN,C0STKA71,C0STKA71,SYSTEM STOP,1,8/19/2024 1:18:23 PM,2024-08-19 13:18:23,2024-08-19 13:15:54
372,0,0,CRANE,C0STKA71_C02,C0STKA71,DETECTING THE FORK RLS,1,8/19/2024 1:17:49 PM,2024-08-19 13:17:49,2024-08-19 13:17:49
662,0,0,CRANE,C0STKA71_C01,C0STKA71,Optical Modem,1,8/19/2024 1:18:11 PM,2024-08-19 13:18:11,2024-08-19 13:17:49
662,0,0,CRANE,C0STKA71_C01,C0STKA71,Optical Modem,1,8/19/2024 1:18:11 PM,2024-08-19 13:18:11,2024-08-19 13:17:49
662,0,0,CRANE,C0STKA71_C02,C0STKA71,Optical Modem,1,8/19/2024 1:18:13 PM,2024-08-19 13:18:13,2024-08-19 13:17:49
11,0,0,CRANE,C0STKA71_C01,C0STKA71,RM TRAVEL REVERSE LIMIT EMERGENCY STOP(BARCODE),1,8/19/2024 1:18:18 PM,2024-08-19 13:18:18,2024-08-19 13:18:12
11,0,0,CRANE,C0STKA71_C01,C0STKA71,RM TRAVEL REVERSE LIMIT EMERGENCY STOP(BARCODE),1,8/19/2024 1:18:32 PM,2024-08-19 13:18:32,2024-08-19 13:18:19
11,0,0,CRANE,C0STKA71_C01,C0STKA71,RM TRAVEL REVERSE LIMIT EMERGENCY STOP(BARCODE),1,8/19/2024 1:19:56 PM,2024-08-19 13:19:56,2024-08-19 13:18:34
11,0,0,CRANE,C0STKA71_C01,C0STKA71,RM TRAVEL REVERSE LIMIT EMERGENCY STOP(BARCODE),1,8/19/2024 1:20:02 PM,2024-08-19 13:20:02,2024-08-19 13:19:57
11,0,0,CRANE,C0STKA71_C01,C0STKA71,RM TRAVEL REVERSE LIMIT EMERGENCY STOP(BARCODE),1,8/19/2024 1:20:07 PM,2024-08-19 13:20:07,2024-08-19 13:20:03
11,0,0,CRANE,C0STKA71_C01,C0STKA71,RM TRAVEL REVERSE LIMIT EMERGENCY STOP(BARCODE),1,8/19/2024 1:20:12 PM,2024-08-19 13:20:12,2024-08-19 13:20:08
11,0,0,CRANE,C0STKA71_C01,C0STKA71,RM TRAVEL REVERSE LIMIT EMERGENCY STOP(BARCODE),1,8/19/2024 1:20:18 PM,2024-08-19 13:20:18,2024-08-19 13:20:13
11,0,0,CRANE,C0STKA71_C01,C0STKA71,RM TRAVEL REVERSE LIMIT EMERGENCY STOP(BARCODE),1,8/19/2024 1:29:13 PM,2024-08-19 13:29:13,2024-08-19 13:20:20
9900,,5,STKMAIN,C0STKA71,C0STKA71,SYSTEM STOP,1,8/19/2024 1:23:35 PM,2024-08-19 13:23:35,2024-08-19 13:23:27
1064,,5,STKMAIN,C0STKA71,C0STKA71,1 Safety Relay Reset,1,8/19/2024 1:29:19 PM,2024-08-19 13:29:19,2024-08-19 13:29:12
9910,,10,STKMAIN,C0STKA71,C0STKA71,No defined alarm[STKMAIN],3,8/19/2024 1:29:17 PM,2024-08-19 13:29:17,2024-08-19 13:29:12
9001,,5,STKMAIN,C0STKA71,C0STKA71,SYSTEM INTERLOCK,1,8/19/2024 1:29:17 PM,2024-08-19 13:29:17,2024-08-19 13:29:12
9900,,5,STKMAIN,C0STKA71,C0STKA71,SYSTEM STOP,1,8/19/2024 1:29:18 PM,2024-08-19 13:29:18,2024-08-19 13:29:12
654,0,0,CRANE,C0STKA71_C02,C0STKA71,Booth Reset S/W,1,8/19/2024 1:30:00 PM,2024-08-19 13:30:00,2024-08-19 13:29:12
654,0,0,CRANE,C0STKA71_C01,C0STKA71,Booth Reset S/W,1,8/19/2024 1:29:16 PM,2024-08-19 13:29:16,2024-08-19 13:29:13
654,0,0,CRANE,C0STKA71_C01,C0STKA71,Booth Reset S/W,1,8/19/2024 1:30:12 PM,2024-08-19 13:30:12,2024-08-19 13:29:17
11,0,0,CRANE,C0STKA71_C01,C0STKA71,RM TRAVEL REVERSE LIMIT EMERGENCY STOP(BARCODE),1,8/19/2024 1:32:10 PM,2024-08-19 13:32:10,2024-08-19 13:30:14
510,0,0,CRANE,C0STKA71_C02,C0STKA71,PREVIOUS CRANE FAIL TO RETURNNING AN ORIGIN POINT,1,8/19/2024 1:32:03 PM,2024-08-19 13:32:03,2024-08-19 13:31:51
510,0,0,CRANE,C0STKA71_C02,C0STKA71,PREVIOUS CRANE FAIL TO RETURNNING AN ORIGIN POINT,1,8/19/2024 1:38:01 PM,2024-08-19 13:38:01,2024-08-19 13:32:04
11,0,0,CRANE,C0STKA71_C01,C0STKA71,RM TRAVEL REVERSE LIMIT EMERGENCY STOP(BARCODE),1,8/19/2024 1:33:54 PM,2024-08-19 13:33:54,2024-08-19 13:32:11
1032,,5,STKMAIN,C0STKA71,C0STKA71,HP DOOR KEY UNLOCK,1,8/19/2024 1:37:28 PM,2024-08-19 13:37:28,2024-08-19 13:33:01
1064,,5,STKMAIN,C0STKA71,C0STKA71,1 Safety Relay Reset,1,8/19/2024 1:33:13 PM,2024-08-19 13:33:13,2024-08-19 13:33:01
9910,,10,STKMAIN,C0STKA71,C0STKA71,No defined alarm[STKMAIN],3,8/19/2024 1:37:33 PM,2024-08-19 13:37:33,2024-08-19 13:33:01
9001,,5,STKMAIN,C0STKA71,C0STKA71,SYSTEM INTERLOCK,1,8/19/2024 1:37:33 PM,2024-08-19 13:37:33,2024-08-19 13:33:01
9900,,5,STKMAIN,C0STKA71,C0STKA71,SYSTEM STOP,1,8/19/2024 1:37:34 PM,2024-08-19 13:37:34,2024-08-19 13:33:01
1000,,5,STKMAIN,C0STKA71,C0STKA71,HP DOOR OPEN,1,8/19/2024 1:37:18 PM,2024-08-19 13:37:18,2024-08-19 13:33:13
76,0,0,CRANE,C0STKA71_C01,C0STKA71,TRAVEL BCR DATA UNCHANGED FOR TRAVEL,1,8/19/2024 1:35:24 PM,2024-08-19 13:35:24,2024-08-19 13:35:21
584,0,0,CRANE,C0STKA71_C01,C0STKA71,[MANAUL] MU GRIP SW OFF,1,8/19/2024 1:35:30 PM,2024-08-19 13:35:30,2024-08-19 13:35:24
584,0,0,CRANE,C0STKA71_C01,C0STKA71,[MANAUL] MU GRIP SW OFF,1,8/19/2024 1:35:40 PM,2024-08-19 13:35:40,2024-08-19 13:35:35
76,0,0,CRANE,C0STKA71_C01,C0STKA71,TRAVEL BCR DATA UNCHANGED FOR TRAVEL,1,8/19/2024 1:35:49 PM,2024-08-19 13:35:49,2024-08-19 13:35:46
584,0,0,CRANE,C0STKA71_C01,C0STKA71,[MANAUL] MU GRIP SW OFF,1,8/19/2024 1:35:57 PM,2024-08-19 13:35:57,2024-08-19 13:35:49
76,0,0,CRANE,C0STKA71_C01,C0STKA71,TRAVEL BCR DATA UNCHANGED FOR TRAVEL,1,8/19/2024 1:36:05 PM,2024-08-19 13:36:05,2024-08-19 13:36:03
584,0,0,CRANE,C0STKA71_C01,C0STKA71,[MANAUL] MU GRIP SW OFF,1,8/19/2024 1:36:11 PM,2024-08-19 13:36:11,2024-08-19 13:36:05
76,0,0,CRANE,C0STKA71_C01,C0STKA71,TRAVEL BCR DATA UNCHANGED FOR TRAVEL,1,8/19/2024 1:36:22 PM,2024-08-19 13:36:22,2024-08-19 13:36:19
584,0,0,CRANE,C0STKA71_C01,C0STKA71,[MANAUL] MU GRIP SW OFF,1,8/19/2024 1:36:22 PM,2024-08-19 13:36:22,2024-08-19 13:36:22
73,0,0,CRANE,C0STKA71_C01,C0STKA71,HP/OP MODE KEY S/W ERROR,1,8/19/2024 1:37:29 PM,2024-08-19 13:37:29,2024-08-19 13:36:25
1064,,5,STKMAIN,C0STKA71,C0STKA71,1 Safety Relay Reset,1,8/19/2024 1:38:22 PM,2024-08-19 13:38:22,2024-08-19 13:37:18
654,0,0,CRANE,C0STKA71_C01,C0STKA71,Booth Reset S/W,1,8/19/2024 1:37:33 PM,2024-08-19 13:37:33,2024-08-19 13:37:30
654,0,0,CRANE,C0STKA71_C01,C0STKA71,Booth Reset S/W,1,8/19/2024 1:38:36 PM,2024-08-19 13:38:36,2024-08-19 13:37:33
654,0,0,CRANE,C0STKA71_C02,C0STKA71,Booth Reset S/W,1,8/19/2024 1:38:29 PM,2024-08-19 13:38:29,2024-08-19 13:38:01
510,0,0,CRANE,C0STKA71_C02,C0STKA71,PREVIOUS CRANE FAIL TO RETURNNING AN ORIGIN POINT,1,8/19/2024 1:41:34 PM,2024-08-19 13:41:34,2024-08-19 13:38:29
11,0,0,CRANE,C0STKA71_C01,C0STKA71,RM TRAVEL REVERSE LIMIT EMERGENCY STOP(BARCODE),1,8/19/2024 1:40:58 PM,2024-08-19 13:40:58,2024-08-19 13:38:38
11,0,0,CRANE,C0STKA71_C01,C0STKA71,RM TRAVEL REVERSE LIMIT EMERGENCY STOP(BARCODE),1,8/19/2024 1:41:52 PM,2024-08-19 13:41:52,2024-08-19 13:40:59
510,0,0,CRANE,C0STKA71_C02,C0STKA71,PREVIOUS CRANE FAIL TO RETURNNING AN ORIGIN POINT,1,8/19/2024 1:43:06 PM,2024-08-19 13:43:06,2024-08-19 13:41:35
11,0,0,CRANE,C0STKA71_C01,C0STKA71,RM TRAVEL REVERSE LIMIT EMERGENCY STOP(BARCODE),1,8/19/2024 1:48:32 PM,2024-08-19 13:48:32,2024-08-19 13:41:54
1064,,5,STKMAIN,C0STKA71,C0STKA71,1 Safety Relay Reset,1,8/19/2024 1:43:07 PM,2024-08-19 13:43:07,2024-08-19 13:43:04
9910,,10,STKMAIN,C0STKA71,C0STKA71,No defined alarm[STKMAIN],3,8/19/2024 1:47:31 PM,2024-08-19 13:47:31,2024-08-19 13:43:04
9001,,5,STKMAIN,C0STKA71,C0STKA71,SYSTEM INTERLOCK,1,8/19/2024 1:47:31 PM,2024-08-19 13:47:31,2024-08-19 13:43:04
9900,,5,STKMAIN,C0STKA71,C0STKA71,SYSTEM STOP,1,8/19/2024 1:47:32 PM,2024-08-19 13:47:32,2024-08-19 13:43:04
1033,,5,STKMAIN,C0STKA71,C0STKA71,OP DOOR KEY UNLOCK,1,8/19/2024 1:47:30 PM,2024-08-19 13:47:30,2024-08-19 13:43:05
654,0,0,CRANE,C0STKA71_C02,C0STKA71,Booth Reset S/W,1,8/19/2024 1:44:12 PM,2024-08-19 13:44:12,2024-08-19 13:43:06
1001,,5,STKMAIN,C0STKA71,C0STKA71,OP DOOR OPEN,1,8/19/2024 1:47:28 PM,2024-08-19 13:47:28,2024-08-19 13:43:07
1245,,5,STKMAIN,C0STKA71,C0STKA71,Optical Modem Data Receive Error (RM2),1,8/19/2024 1:43:24 PM,2024-08-19 13:43:24,2024-08-19 13:43:12
1245,,5,STKMAIN,C0STKA71,C0STKA71,Optical Modem Data Receive Error (RM2),1,8/19/2024 1:43:34 PM,2024-08-19 13:43:34,2024-08-19 13:43:26
1245,,5,STKMAIN,C0STKA71,C0STKA71,Optical Modem Data Receive Error (RM2),1,8/19/2024 1:44:00 PM,2024-08-19 13:44:00,2024-08-19 13:43:51
584,0,0,CRANE,C0STKA71_C02,C0STKA71,[MANAUL] MU GRIP SW OFF,1,8/19/2024 1:44:46 PM,2024-08-19 13:44:46,2024-08-19 13:44:31
38,0,0,CRANE,C0STKA71_C02,C0STKA71,ETHERNET OPTICAL MODEM ERROR,1,8/19/2024 1:44:48 PM,2024-08-19 13:44:48,2024-08-19 13:44:46
584,0,0,CRANE,C0STKA71_C02,C0STKA71,[MANAUL] MU GRIP SW OFF,1,8/19/2024 1:46:24 PM,2024-08-19 13:46:24,2024-08-19 13:46:10
584,0,0,CRANE,C0STKA71_C02,C0STKA71,[MANAUL] MU GRIP SW OFF,1,8/19/2024 1:47:38 PM,2024-08-19 13:47:38,2024-08-19 13:47:11
1064,,5,STKMAIN,C0STKA71,C0STKA71,1 Safety Relay Reset,1,8/19/2024 1:47:31 PM,2024-08-19 13:47:31,2024-08-19 13:47:28
9900,,5,STKMAIN,C0STKA71,C0STKA71,SYSTEM STOP,1,8/19/2024 1:47:33 PM,2024-08-19 13:47:33,2024-08-19 13:47:33
510,0,0,CRANE,C0STKA71_C02,C0STKA71,PREVIOUS CRANE FAIL TO RETURNNING AN ORIGIN POINT,1,8/19/2024 1:48:38 PM,2024-08-19 13:48:38,2024-08-19 13:48:24
11,0,0,CRANE,C0STKA71_C01,C0STKA71,RM TRAVEL REVERSE LIMIT EMERGENCY STOP(BARCODE),1,8/19/2024 1:49:26 PM,2024-08-19 13:49:26,2024-08-19 13:48:33
510,0,0,CRANE,C0STKA71_C02,C0STKA71,PREVIOUS CRANE FAIL TO RETURNNING AN ORIGIN POINT,1,8/19/2024 1:48:58 PM,2024-08-19 13:48:58,2024-08-19 13:48:39
510,0,0,CRANE,C0STKA71_C02,C0STKA71,PREVIOUS CRANE FAIL TO RETURNNING AN ORIGIN POINT,1,8/19/2024 1:49:06 PM,2024-08-19 13:49:06,2024-08-19 13:48:59
510,0,0,CRANE,C0STKA71_C02,C0STKA71,PREVIOUS CRANE FAIL TO RETURNNING AN ORIGIN POINT,1,8/19/2024 1:57:59 PM,2024-08-19 13:57:59,2024-08-19 13:49:06
11,0,0,CRANE,C0STKA71_C01,C0STKA71,RM TRAVEL REVERSE LIMIT EMERGENCY STOP(BARCODE),1,8/19/2024 1:50:14 PM,2024-08-19 13:50:14,2024-08-19 13:49:27
1064,,5,STKMAIN,C0STKA71,C0STKA71,1 Safety Relay Reset,1,8/19/2024 1:50:00 PM,2024-08-19 13:50:00,2024-08-19 13:50:00
9910,,10,STKMAIN,C0STKA71,C0STKA71,No defined alarm[STKMAIN],3,8/19/2024 1:57:02 PM,2024-08-19 13:57:02,2024-08-19 13:50:00
9001,,5,STKMAIN,C0STKA71,C0STKA71,SYSTEM INTERLOCK,1,8/19/2024 1:57:02 PM,2024-08-19 13:57:02,2024-08-19 13:50:00
9900,,5,STKMAIN,C0STKA71,C0STKA71,SYSTEM STOP,1,8/19/2024 1:57:03 PM,2024-08-19 13:57:03,2024-08-19 13:50:00
1032,,5,STKMAIN,C0STKA71,C0STKA71,HP DOOR KEY UNLOCK,1,8/19/2024 1:57:01 PM,2024-08-19 13:57:01,2024-08-19 13:50:00
1000,,5,STKMAIN,C0STKA71,C0STKA71,HP DOOR OPEN,1,8/19/2024 1:56:52 PM,2024-08-19 13:56:52,2024-08-19 13:50:00
239,0,0,CRANE,C0STKA71_C01,C0STKA71,HOIST#1 SERVO READY OFF,1,8/19/2024 1:51:20 PM,2024-08-19 13:51:20,2024-08-19 13:51:13
584,0,0,CRANE,C0STKA71_C01,C0STKA71,[MANAUL] MU GRIP SW OFF,1,8/19/2024 1:51:21 PM,2024-08-19 13:51:21,2024-08-19 13:51:20
584,0,0,CRANE,C0STKA71_C01,C0STKA71,[MANAUL] MU GRIP SW OFF,1,8/19/2024 1:51:26 PM,2024-08-19 13:51:26,2024-08-19 13:51:23
584,0,0,CRANE,C0STKA71_C01,C0STKA71,[MANAUL] MU GRIP SW OFF,1,8/19/2024 1:51:42 PM,2024-08-19 13:51:42,2024-08-19 13:51:41
584,0,0,CRANE,C0STKA71_C01,C0STKA71,[MANAUL] MU GRIP SW OFF,1,8/19/2024 1:51:47 PM,2024-08-19 13:51:47,2024-08-19 13:51:44
76,0,0,CRANE,C0STKA71_C01,C0STKA71,TRAVEL BCR DATA UNCHANGED FOR TRAVEL,1,8/19/2024 1:51:57 PM,2024-08-19 13:51:57,2024-08-19 13:51:50
584,0,0,CRANE,C0STKA71_C01,C0STKA71,[MANAUL] MU GRIP SW OFF,1,8/19/2024 1:52:04 PM,2024-08-19 13:52:04,2024-08-19 13:52:03
76,0,0,CRANE,C0STKA71_C01,C0STKA71,TRAVEL BCR DATA UNCHANGED FOR TRAVEL,1,8/19/2024 1:52:17 PM,2024-08-19 13:52:17,2024-08-19 13:52:08
584,7296,0,CRANE,C0STKA71_C01,C0STKA71,[MANAUL] MU GRIP SW OFF,1,8/19/2024 1:53:40 PM,2024-08-19 13:53:40,2024-08-19 13:52:20
285,0,0,CRANE,C0STKA71_C01,C0STKA71,TRV#1 SERVO DRIVE ERROR,1,8/19/2024 1:53:44 PM,2024-08-19 13:53:44,2024-08-19 13:53:41
285,0,0,CRANE,C0STKA71_C01,C0STKA71,TRV#1 SERVO DRIVE ERROR,1,8/19/2024 1:53:48 PM,2024-08-19 13:53:48,2024-08-19 13:53:44
584,0,0,CRANE,C0STKA71_C01,C0STKA71,[MANAUL] MU GRIP SW OFF,1,8/19/2024 1:53:51 PM,2024-08-19 13:53:51,2024-08-19 13:53:48
285,0,0,CRANE,C0STKA71_C01,C0STKA71,TRV#1 SERVO DRIVE ERROR,1,8/19/2024 1:53:51 PM,2024-08-19 13:53:51,2024-08-19 13:53:51
584,0,0,CRANE,C0STKA71_C01,C0STKA71,[MANAUL] MU GRIP SW OFF,1,8/19/2024 1:54:07 PM,2024-08-19 13:54:07,2024-08-19 13:53:51
1242,,5,STKMAIN,C0STKA71,C0STKA71,Optical Modem Data Receive Error (RM1),1,8/19/2024 1:54:07 PM,2024-08-19 13:54:07,2024-08-19 13:53:55
218,0,0,CRANE,C0STKA71_C01,C0STKA71,SERVO DRIVE#1 POWER OFF OR DISCONNETING(HOIST),1,8/19/2024 1:54:28 PM,2024-08-19 13:54:28,2024-08-19 13:54:09
584,0,0,CRANE,C0STKA71_C01,C0STKA71,[MANAUL] MU GRIP SW OFF,1,8/19/2024 1:54:38 PM,2024-08-19 13:54:38,2024-08-19 13:54:28
584,0,0,CRANE,C0STKA71_C01,C0STKA71,[MANAUL] MU GRIP SW OFF,1,8/19/2024 1:54:55 PM,2024-08-19 13:54:55,2024-08-19 13:54:53
584,0,0,CRANE,C0STKA71_C01,C0STKA71,[MANAUL] MU GRIP SW OFF,1,8/19/2024 1:57:18 PM,2024-08-19 13:57:18,2024-08-19 13:54:58
1064,,5,STKMAIN,C0STKA71,C0STKA71,1 Safety Relay Reset,1,8/19/2024 1:57:02 PM,2024-08-19 13:57:02,2024-08-19 13:56:52
2109,,5,PORT,C0STKA71_M01,C0STKA71,DIVERTERINITIAL STOP SENABNORMAL,1,8/20/2024 5:32:11 PM,2024-08-20 17:32:11,2024-08-20 17:32:04
352,0,0,CRANE,C0STKA71_C02,C0STKA71,AT PICKKING UP LOAD IN A SHELF LOAD POSITION ERROR(3)(0101602),1,8/21/2024 1:42:03 AM,2024-08-21 01:42:03,2024-08-21 01:40:04
496,0,0,CRANE,C0STKA71_C02,C0STKA71,EXISTENCE OF LOAD AT ACTIVE SET BIT ON(C0STKA71_M01),1,8/21/2024 1:43:18 AM,2024-08-21 01:43:18,2024-08-21 01:42:04
496,0,0,CRANE,C0STKA71_C02,C0STKA71,EXISTENCE OF LOAD AT ACTIVE SET BIT ON(C0STKA71_M01),1,8/21/2024 1:44:07 AM,2024-08-21 01:44:07,2024-08-21 01:43:19
666,0,0,CRANE,C0STKA71_C01,C0STKA71,Light Curtain,1,8/21/2024 1:44:13 AM,2024-08-21 01:44:13,2024-08-21 01:43:49
2047,,5,PORT,C0STKA71_P13,C0STKA71,LIGHT CURTAIN DETECT,1,8/21/2024 1:45:08 AM,2024-08-21 01:45:08,2024-08-21 01:43:50
2047,,5,PORT,C0STKA71_P12,C0STKA71,LIGHT CURTAIN DETECT,1,8/21/2024 1:45:08 AM,2024-08-21 01:45:08,2024-08-21 01:43:50
496,0,0,CRANE,C0STKA71_C02,C0STKA71,EXISTENCE OF LOAD AT ACTIVE SET BIT ON(C0STKA71_M01),1,8/21/2024 1:44:17 AM,2024-08-21 01:44:17,2024-08-21 01:44:08
496,0,0,CRANE,C0STKA71_C02,C0STKA71,EXISTENCE OF LOAD AT ACTIVE SET BIT ON(C0STKA71_M01),1,8/21/2024 1:47:49 AM,2024-08-21 01:47:48,2024-08-21 01:44:18
496,0,0,CRANE,C0STKA71_C02,C0STKA71,EXISTENCE OF LOAD AT ACTIVE SET BIT ON(C0STKA71_M01),1,8/21/2024 1:58:38 AM,2024-08-21 01:58:38,2024-08-21 01:47:49
496,0,0,CRANE,C0STKA71_C02,C0STKA71,EXISTENCE OF LOAD AT ACTIVE SET BIT ON(C0STKA71_M01),1,8/21/2024 1:58:54 AM,2024-08-21 01:58:54,2024-08-21 01:58:38
496,0,0,CRANE,C0STKA71_C02,C0STKA71,EXISTENCE OF LOAD AT ACTIVE SET BIT ON(C0STKA71_M01),1,8/21/2024 1:59:53 AM,2024-08-21 01:59:53,2024-08-21 01:58:55
496,0,0,CRANE,C0STKA71_C02,C0STKA71,EXISTENCE OF LOAD AT ACTIVE SET BIT ON(C0STKA71_M01),1,8/21/2024 2:00:07 AM,2024-08-21 02:00:07,2024-08-21 01:59:54
496,0,0,CRANE,C0STKA71_C02,C0STKA71,EXISTENCE OF LOAD AT ACTIVE SET BIT ON(C0STKA71_M01),1,8/21/2024 2:02:13 AM,2024-08-21 02:02:13,2024-08-21 02:00:08
1064,,5,STKMAIN,C0STKA71,C0STKA71,1 Safety Relay Reset,1,8/21/2024 2:01:31 AM,2024-08-21 02:01:31,2024-08-21 02:01:28
9910,,10,STKMAIN,C0STKA71,C0STKA71,No defined alarm[STKMAIN],3,8/21/2024 2:06:17 AM,2024-08-21 02:06:17,2024-08-21 02:01:28
9001,,5,STKMAIN,C0STKA71,C0STKA71,SYSTEM INTERLOCK,1,8/21/2024 2:06:17 AM,2024-08-21 02:06:17,2024-08-21 02:01:28
9900,,5,STKMAIN,C0STKA71,C0STKA71,SYSTEM STOP,1,8/21/2024 2:06:24 AM,2024-08-21 02:06:24,2024-08-21 02:01:28
654,0,0,CRANE,C0STKA71_C01,C0STKA71,Booth Reset S/W,1,8/21/2024 2:06:34 AM,2024-08-21 02:06:34,2024-08-21 02:01:29
1033,,5,STKMAIN,C0STKA71,C0STKA71,OP DOOR KEY UNLOCK,1,8/21/2024 2:06:17 AM,2024-08-21 02:06:17,2024-08-21 02:01:29
1001,,5,STKMAIN,C0STKA71,C0STKA71,OP DOOR OPEN,1,8/21/2024 2:06:13 AM,2024-08-21 02:06:13,2024-08-21 02:01:31
1245,,5,STKMAIN,C0STKA71,C0STKA71,Optical Modem Data Receive Error (RM2),1,8/21/2024 2:01:46 AM,2024-08-21 02:01:46,2024-08-21 02:01:37
584,0,0,CRANE,C0STKA71_C02,C0STKA71,[MANAUL] MU GRIP SW OFF(C0STKA71_M01),1,8/21/2024 2:02:47 AM,2024-08-21 02:02:47,2024-08-21 02:02:41
584,0,0,CRANE,C0STKA71_C02,C0STKA71,[MANAUL] MU GRIP SW OFF(C0STKA71_M01),1,8/21/2024 2:03:03 AM,2024-08-21 02:03:03,2024-08-21 02:02:52
584,0,0,CRANE,C0STKA71_C02,C0STKA71,[MANAUL] MU GRIP SW OFF(C0STKA71_M01),1,8/21/2024 2:03:11 AM,2024-08-21 02:03:11,2024-08-21 02:03:07
584,0,0,CRANE,C0STKA71_C02,C0STKA71,[MANAUL] MU GRIP SW OFF(C0STKA71_M01),1,8/21/2024 2:06:41 AM,2024-08-21 02:06:41,2024-08-21 02:04:35
1064,,5,STKMAIN,C0STKA71,C0STKA71,1 Safety Relay Reset,1,8/21/2024 2:06:21 AM,2024-08-21 02:06:21,2024-08-21 02:06:13
496,0,0,CRANE,C0STKA71_C02,C0STKA71,EXISTENCE OF LOAD AT ACTIVE SET BIT ON(C0STKA71_M01),1,8/21/2024 2:06:58 AM,2024-08-21 02:06:58,2024-08-21 02:06:41
496,0,0,CRANE,C0STKA71_C02,C0STKA71,EXISTENCE OF LOAD AT ACTIVE SET BIT ON(C0STKA71_M01),1,8/21/2024 2:10:10 AM,2024-08-21 02:10:10,2024-08-21 02:06:59
1064,,5,STKMAIN,C0STKA71,C0STKA71,1 Safety Relay Reset,1,8/21/2024 2:07:40 AM,2024-08-21 02:07:40,2024-08-21 02:07:36
9910,,10,STKMAIN,C0STKA71,C0STKA71,No defined alarm[STKMAIN],3,8/21/2024 2:11:37 AM,2024-08-21 02:11:37,2024-08-21 02:07:36
9001,,5,STKMAIN,C0STKA71,C0STKA71,SYSTEM INTERLOCK,1,8/21/2024 2:11:37 AM,2024-08-21 02:11:37,2024-08-21 02:07:36
9900,,5,STKMAIN,C0STKA71,C0STKA71,SYSTEM STOP,1,8/21/2024 2:11:43 AM,2024-08-21 02:11:43,2024-08-21 02:07:36
654,0,0,CRANE,C0STKA71_C01,C0STKA71,Booth Reset S/W,1,8/21/2024 2:11:42 AM,2024-08-21 02:11:42,2024-08-21 02:07:36
1033,,5,STKMAIN,C0STKA71,C0STKA71,OP DOOR KEY UNLOCK,1,8/21/2024 2:11:37 AM,2024-08-21 02:11:37,2024-08-21 02:07:37
1001,,5,STKMAIN,C0STKA71,C0STKA71,OP DOOR OPEN,1,8/21/2024 2:11:35 AM,2024-08-21 02:11:35,2024-08-21 02:07:40
1245,,5,STKMAIN,C0STKA71,C0STKA71,Optical Modem Data Receive Error (RM2),1,8/21/2024 2:08:05 AM,2024-08-21 02:08:05,2024-08-21 02:07:57
584,0,0,CRANE,C0STKA71_C02,C0STKA71,[MANAUL] MU GRIP SW OFF(C0STKA71_M01),1,8/21/2024 2:10:11 AM,2024-08-21 02:10:11,2024-08-21 02:10:10
2,0,0,CRANE,C0STKA71_C02,C0STKA71,RM HANDY EMERGENCY BUTTON PUSHED(C0STKA71_M01),1,8/21/2024 2:10:15 AM,2024-08-21 02:10:15,2024-08-21 02:10:11
204,0,0,CRANE,C0STKA71_C02,C0STKA71,SERVO MC1 OFF(TRAVEL)(C0STKA71_M01),1,8/21/2024 2:10:15 AM,2024-08-21 02:10:15,2024-08-21 02:10:15
584,0,0,CRANE,C0STKA71_C02,C0STKA71,[MANAUL] MU GRIP SW OFF(C0STKA71_M01),1,8/21/2024 2:10:18 AM,2024-08-21 02:10:18,2024-08-21 02:10:15
2,0,0,CRANE,C0STKA71_C02,C0STKA71,RM HANDY EMERGENCY BUTTON PUSHED(C0STKA71_M01),1,8/21/2024 2:10:21 AM,2024-08-21 02:10:21,2024-08-21 02:10:18
204,0,0,CRANE,C0STKA71_C02,C0STKA71,SERVO MC1 OFF(TRAVEL)(C0STKA71_M01),1,8/21/2024 2:10:27 AM,2024-08-21 02:10:27,2024-08-21 02:10:21
584,0,0,CRANE,C0STKA71_C02,C0STKA71,[MANAUL] MU GRIP SW OFF(C0STKA71_M01),1,8/21/2024 2:10:41 AM,2024-08-21 02:10:41,2024-08-21 02:10:27
584,0,0,CRANE,C0STKA71_C02,C0STKA71,[MANAUL] MU GRIP SW OFF(C0STKA71_M01),1,8/21/2024 2:12:02 AM,2024-08-21 02:12:02,2024-08-21 02:10:46
1245,,5,STKMAIN,C0STKA71,C0STKA71,Optical Modem Data Receive Error (RM2),1,8/21/2024 2:11:33 AM,2024-08-21 02:11:33,2024-08-21 02:11:24
1064,,5,STKMAIN,C0STKA71,C0STKA71,1 Safety Relay Reset,1,8/21/2024 2:11:40 AM,2024-08-21 02:11:40,2024-08-21 02:11:35
510,0,0,CRANE,C0STKA71_C01,C0STKA71,PREVIOUS CRANE FAIL TO RETURNNING AN ORIGIN POINT,1,8/21/2024 2:11:50 AM,2024-08-21 02:11:50,2024-08-21 02:11:42
510,0,0,CRANE,C0STKA71_C01,C0STKA71,PREVIOUS CRANE FAIL TO RETURNNING AN ORIGIN POINT,1,8/21/2024 2:11:56 AM,2024-08-21 02:11:56,2024-08-21 02:11:51
510,0,0,CRANE,C0STKA71_C01,C0STKA71,PREVIOUS CRANE FAIL TO RETURNNING AN ORIGIN POINT,1,8/21/2024 2:12:22 AM,2024-08-21 02:12:22,2024-08-21 02:11:57
496,0,0,CRANE,C0STKA71_C02,C0STKA71,EXISTENCE OF LOAD AT ACTIVE SET BIT ON(C0STKA71_M01),1,8/21/2024 2:17:20 AM,2024-08-21 02:17:20,2024-08-21 02:12:03
510,0,0,CRANE,C0STKA71_C01,C0STKA71,PREVIOUS CRANE FAIL TO RETURNNING AN ORIGIN POINT,1,8/21/2024 2:19:14 AM,2024-08-21 02:19:14,2024-08-21 02:12:22
1064,,5,STKMAIN,C0STKA71,C0STKA71,1 Safety Relay Reset,1,8/21/2024 2:12:31 AM,2024-08-21 02:12:31,2024-08-21 02:12:27
9910,,10,STKMAIN,C0STKA71,C0STKA71,No defined alarm[STKMAIN],3,8/21/2024 2:19:06 AM,2024-08-21 02:19:06,2024-08-21 02:12:27
9001,,5,STKMAIN,C0STKA71,C0STKA71,SYSTEM INTERLOCK,1,8/21/2024 2:19:06 AM,2024-08-21 02:19:06,2024-08-21 02:12:27
9900,,5,STKMAIN,C0STKA71,C0STKA71,SYSTEM STOP,1,8/21/2024 2:19:10 AM,2024-08-21 02:19:10,2024-08-21 02:12:27
1033,,5,STKMAIN,C0STKA71,C0STKA71,OP DOOR KEY UNLOCK,1,8/21/2024 2:19:06 AM,2024-08-21 02:19:06,2024-08-21 02:12:28
1001,,5,STKMAIN,C0STKA71,C0STKA71,OP DOOR OPEN,1,8/21/2024 2:19:03 AM,2024-08-21 02:19:03,2024-08-21 02:12:31
285,6435,0,CRANE,C0STKA71_C02,C0STKA71,TRV#1 SERVO DRIVE ERROR(C0STKA71_M01),1,8/21/2024 2:17:33 AM,2024-08-21 02:17:33,2024-08-21 02:17:27
584,6435,0,CRANE,C0STKA71_C02,C0STKA71,[MANAUL] MU GRIP SW OFF(C0STKA71_M01),1,8/21/2024 2:17:35 AM,2024-08-21 02:17:35,2024-08-21 02:17:33
584,0,0,CRANE,C0STKA71_C02,C0STKA71,[MANAUL] MU GRIP SW OFF(C0STKA71_M01),1,8/21/2024 2:18:21 AM,2024-08-21 02:18:21,2024-08-21 02:18:21
584,0,0,CRANE,C0STKA71_C02,C0STKA71,[MANAUL] MU GRIP SW OFF(C0STKA71_M01),1,8/21/2024 2:19:28 AM,2024-08-21 02:19:28,2024-08-21 02:18:32
1245,,5,STKMAIN,C0STKA71,C0STKA71,Optical Modem Data Receive Error (RM2),1,8/21/2024 2:18:51 AM,2024-08-21 02:18:51,2024-08-21 02:18:43
1064,,5,STKMAIN,C0STKA71,C0STKA71,1 Safety Relay Reset,1,8/21/2024 2:19:08 AM,2024-08-21 02:19:08,2024-08-21 02:19:03
238,0,0,CRANE,C0STKA71_C01,C0STKA71,TRV SERVO READY OFF,1,8/21/2024 2:19:21 AM,2024-08-21 02:19:21,2024-08-21 02:19:15
238,0,0,CRANE,C0STKA71_C01,C0STKA71,TRV SERVO READY OFF,1,8/21/2024 2:19:21 AM,2024-08-21 02:19:21,2024-08-21 02:19:15
496,0,0,CRANE,C0STKA71_C02,C0STKA71,EXISTENCE OF LOAD AT ACTIVE SET BIT ON(C0STKA71_M01),1,8/21/2024 2:21:04 AM,2024-08-21 02:21:04,2024-08-21 02:19:28
510,0,0,CRANE,C0STKA71_C01,C0STKA71,PREVIOUS CRANE FAIL TO RETURNNING AN ORIGIN POINT,1,8/21/2024 2:19:57 AM,2024-08-21 02:19:57,2024-08-21 02:19:48
510,0,0,CRANE,C0STKA71_C01,C0STKA71,PREVIOUS CRANE FAIL TO RETURNNING AN ORIGIN POINT,1,8/21/2024 2:20:10 AM,2024-08-21 02:20:10,2024-08-21 02:19:57
510,0,0,CRANE,C0STKA71_C01,C0STKA71,PREVIOUS CRANE FAIL TO RETURNNING AN ORIGIN POINT,1,8/21/2024 2:20:16 AM,2024-08-21 02:20:16,2024-08-21 02:20:11
510,0,0,CRANE,C0STKA71_C01,C0STKA71,PREVIOUS CRANE FAIL TO RETURNNING AN ORIGIN POINT,1,8/21/2024 2:20:21 AM,2024-08-21 02:20:21,2024-08-21 02:20:16
510,0,0,CRANE,C0STKA71_C01,C0STKA71,PREVIOUS CRANE FAIL TO RETURNNING AN ORIGIN POINT,1,8/21/2024 2:20:27 AM,2024-08-21 02:20:27,2024-08-21 02:20:22
510,0,0,CRANE,C0STKA71_C01,C0STKA71,PREVIOUS CRANE FAIL TO RETURNNING AN ORIGIN POINT,1,8/21/2024 2:20:55 AM,2024-08-21 02:20:55,2024-08-21 02:20:27
510,0,0,CRANE,C0STKA71_C01,C0STKA71,PREVIOUS CRANE FAIL TO RETURNNING AN ORIGIN POINT,1,8/21/2024 2:21:10 AM,2024-08-21 02:21:10,2024-08-21 02:20:55
496,0,0,CRANE,C0STKA71_C02,C0STKA71,EXISTENCE OF LOAD AT ACTIVE SET BIT ON(C0STKA71_M01),1,8/21/2024 2:21:53 AM,2024-08-21 02:21:53,2024-08-21 02:21:05
510,0,0,CRANE,C0STKA71_C01,C0STKA71,PREVIOUS CRANE FAIL TO RETURNNING AN ORIGIN POINT,1,8/21/2024 2:22:08 AM,2024-08-21 02:22:08,2024-08-21 02:21:11
1064,,5,STKMAIN,C0STKA71,C0STKA71,1 Safety Relay Reset,1,8/21/2024 2:21:22 AM,2024-08-21 02:21:22,2024-08-21 02:21:12
9910,,10,STKMAIN,C0STKA71,C0STKA71,No defined alarm[STKMAIN],3,8/21/2024 2:25:47 AM,2024-08-21 02:25:47,2024-08-21 02:21:12
9001,,5,STKMAIN,C0STKA71,C0STKA71,SYSTEM INTERLOCK,1,8/21/2024 2:25:47 AM,2024-08-21 02:25:47,2024-08-21 02:21:12
9900,,5,STKMAIN,C0STKA71,C0STKA71,SYSTEM STOP,1,8/21/2024 2:25:57 AM,2024-08-21 02:25:57,2024-08-21 02:21:12
1032,,5,STKMAIN,C0STKA71,C0STKA71,HP DOOR KEY UNLOCK,1,8/21/2024 2:25:47 AM,2024-08-21 02:25:47,2024-08-21 02:21:22
1000,,5,STKMAIN,C0STKA71,C0STKA71,HP DOOR OPEN,1,8/21/2024 2:25:25 AM,2024-08-21 02:25:25,2024-08-21 02:21:22
653,0,0,CRANE,C0STKA71_C02,C0STKA71,Door Key/Unlock(C0STKA71_M01),1,8/21/2024 2:21:58 AM,2024-08-21 02:21:58,2024-08-21 02:21:53
653,0,0,CRANE,C0STKA71_C02,C0STKA71,Door Key/Unlock(C0STKA71_M01),1,8/21/2024 2:22:02 AM,2024-08-21 02:22:02,2024-08-21 02:21:59
653,0,0,CRANE,C0STKA71_C02,C0STKA71,Door Key/Unlock(C0STKA71_M01),1,8/21/2024 2:22:02 AM,2024-08-21 02:22:02,2024-08-21 02:21:59
653,0,0,CRANE,C0STKA71_C02,C0STKA71,Door Key/Unlock(C0STKA71_M01),1,8/21/2024 2:22:06 AM,2024-08-21 02:22:06,2024-08-21 02:22:03
653,0,0,CRANE,C0STKA71_C02,C0STKA71,Door Key/Unlock(C0STKA71_M01),1,8/21/2024 2:23:33 AM,2024-08-21 02:23:33,2024-08-21 02:22:06
584,0,0,CRANE,C0STKA71_C01,C0STKA71,[MANAUL] MU GRIP SW OFF,1,8/21/2024 2:22:16 AM,2024-08-21 02:22:16,2024-08-21 02:22:14
584,0,0,CRANE,C0STKA71_C01,C0STKA71,[MANAUL] MU GRIP SW OFF,1,8/21/2024 2:22:23 AM,2024-08-21 02:22:23,2024-08-21 02:22:22
584,0,0,CRANE,C0STKA71_C01,C0STKA71,[MANAUL] MU GRIP SW OFF,1,8/21/2024 2:22:37 AM,2024-08-21 02:22:37,2024-08-21 02:22:29
584,0,0,CRANE,C0STKA71_C01,C0STKA71,[MANAUL] MU GRIP SW OFF,1,8/21/2024 2:22:46 AM,2024-08-21 02:22:46,2024-08-21 02:22:41
584,0,0,CRANE,C0STKA71_C01,C0STKA71,[MANAUL] MU GRIP SW OFF,1,8/21/2024 2:23:02 AM,2024-08-21 02:23:02,2024-08-21 02:22:51
584,0,0,CRANE,C0STKA71_C01,C0STKA71,[MANAUL] MU GRIP SW OFF,1,8/21/2024 2:23:36 AM,2024-08-21 02:23:36,2024-08-21 02:23:33
653,0,0,CRANE,C0STKA71_C02,C0STKA71,Door Key/Unlock(C0STKA71_M01),1,8/21/2024 2:25:45 AM,2024-08-21 02:25:45,2024-08-21 02:23:34
584,0,0,CRANE,C0STKA71_C01,C0STKA71,[MANAUL] MU GRIP SW OFF,1,8/21/2024 2:25:02 AM,2024-08-21 02:25:02,2024-08-21 02:23:44
510,0,0,CRANE,C0STKA71_C01,C0STKA71,PREVIOUS CRANE FAIL TO RETURNNING AN ORIGIN POINT,1,8/21/2024 2:25:35 AM,2024-08-21 02:25:35,2024-08-21 02:25:12
1064,,5,STKMAIN,C0STKA71,C0STKA71,1 Safety Relay Reset,1,8/21/2024 2:25:54 AM,2024-08-21 02:25:54,2024-08-21 02:25:25
654,0,0,CRANE,C0STKA71_C01,C0STKA71,Booth Reset S/W,1,8/21/2024 2:26:46 AM,2024-08-21 02:26:46,2024-08-21 02:25:36
654,0,0,CRANE,C0STKA71_C02,C0STKA71,Booth Reset S/W(C0STKA71_M01),1,8/21/2024 2:25:55 AM,2024-08-21 02:25:55,2024-08-21 02:25:46
496,0,0,CRANE,C0STKA71_C02,C0STKA71,EXISTENCE OF LOAD AT ACTIVE SET BIT ON(C0STKA71_M01),1,8/21/2024 2:26:15 AM,2024-08-21 02:26:15,2024-08-21 02:25:58
496,0,0,CRANE,C0STKA71_C02,C0STKA71,EXISTENCE OF LOAD AT ACTIVE SET BIT ON(C0STKA71_M01),1,8/21/2024 2:31:09 AM,2024-08-21 02:31:09,2024-08-21 02:26:16
1064,,5,STKMAIN,C0STKA71,C0STKA71,1 Safety Relay Reset,1,8/21/2024 2:27:07 AM,2024-08-21 02:27:07,2024-08-21 02:26:45
9910,,10,STKMAIN,C0STKA71,C0STKA71,No defined alarm[STKMAIN],3,8/21/2024 2:26:49 AM,2024-08-21 02:26:49,2024-08-21 02:26:45
9001,,5,STKMAIN,C0STKA71,C0STKA71,SYSTEM INTERLOCK,1,8/21/2024 2:26:49 AM,2024-08-21 02:26:49,2024-08-21 02:26:45
9900,,5,STKMAIN,C0STKA71,C0STKA71,SYSTEM STOP,1,8/21/2024 2:26:49 AM,2024-08-21 02:26:49,2024-08-21 02:26:45
654,0,0,CRANE,C0STKA71_C01,C0STKA71,Booth Reset S/W,1,8/21/2024 2:27:36 AM,2024-08-21 02:27:36,2024-08-21 02:26:47
1064,,5,STKMAIN,C0STKA71,C0STKA71,1 Safety Relay Reset,1,8/21/2024 2:27:23 AM,2024-08-21 02:27:23,2024-08-21 02:27:16
9910,,10,STKMAIN,C0STKA71,C0STKA71,No defined alarm[STKMAIN],3,8/21/2024 2:30:48 AM,2024-08-21 02:30:48,2024-08-21 02:27:16
9001,,5,STKMAIN,C0STKA71,C0STKA71,SYSTEM INTERLOCK,1,8/21/2024 2:30:48 AM,2024-08-21 02:30:48,2024-08-21 02:27:16
9900,,5,STKMAIN,C0STKA71,C0STKA71,SYSTEM STOP,1,8/21/2024 2:30:56 AM,2024-08-21 02:30:56,2024-08-21 02:27:16
1032,,5,STKMAIN,C0STKA71,C0STKA71,HP DOOR KEY UNLOCK,1,8/21/2024 2:30:48 AM,2024-08-21 02:30:48,2024-08-21 02:27:16
1000,,5,STKMAIN,C0STKA71,C0STKA71,HP DOOR OPEN,1,8/21/2024 2:30:39 AM,2024-08-21 02:30:39,2024-08-21 02:27:23
289,6407,0,CRANE,C0STKA71_C01,C0STKA71,HST#1 SERVO DRIVE ERROR,1,8/21/2024 2:29:35 AM,2024-08-21 02:29:35,2024-08-21 02:29:33
289,6407,0,CRANE,C0STKA71_C01,C0STKA71,HST#1 SERVO DRIVE ERROR,1,8/21/2024 2:29:35 AM,2024-08-21 02:29:35,2024-08-21 02:29:33
584,6407,0,CRANE,C0STKA71_C01,C0STKA71,[MANAUL] MU GRIP SW OFF,1,8/21/2024 2:29:40 AM,2024-08-21 02:29:40,2024-08-21 02:29:35
584,0,0,CRANE,C0STKA71_C01,C0STKA71,[MANAUL] MU GRIP SW OFF,1,8/21/2024 2:29:50 AM,2024-08-21 02:29:50,2024-08-21 02:29:49
584,0,0,CRANE,C0STKA71_C01,C0STKA71,[MANAUL] MU GRIP SW OFF,1,8/21/2024 2:30:40 AM,2024-08-21 02:30:40,2024-08-21 02:30:14
1064,,5,STKMAIN,C0STKA71,C0STKA71,1 Safety Relay Reset,1,8/21/2024 2:30:55 AM,2024-08-21 02:30:55,2024-08-21 02:30:39
654,0,0,CRANE,C0STKA71_C01,C0STKA71,Booth Reset S/W,1,8/21/2024 2:30:47 AM,2024-08-21 02:30:47,2024-08-21 02:30:41
654,0,0,CRANE,C0STKA71_C01,C0STKA71,Booth Reset S/W,1,8/21/2024 2:31:17 AM,2024-08-21 02:31:17,2024-08-21 02:30:48
496,0,0,CRANE,C0STKA71_C02,C0STKA71,EXISTENCE OF LOAD AT ACTIVE SET BIT ON(C0STKA71_M01),1,8/21/2024 2:31:23 AM,2024-08-21 02:31:23,2024-08-21 02:31:09
496,0,0,CRANE,C0STKA71_C02,C0STKA71,EXISTENCE OF LOAD AT ACTIVE SET BIT ON(C0STKA71_M01),1,8/21/2024 2:32:04 AM,2024-08-21 02:32:04,2024-08-21 02:31:23
496,0,0,CRANE,C0STKA71_C02,C0STKA71,EXISTENCE OF LOAD AT ACTIVE SET BIT ON(C0STKA71_M01),1,8/21/2024 2:36:31 AM,2024-08-21 02:36:31,2024-08-21 02:32:05
510,0,0,CRANE,C0STKA71_C01,C0STKA71,PREVIOUS CRANE FAIL TO RETURNNING AN ORIGIN POINT,1,8/21/2024 2:38:07 AM,2024-08-21 02:38:07,2024-08-21 02:32:11
1033,,5,STKMAIN,C0STKA71,C0STKA71,OP DOOR KEY UNLOCK,1,8/21/2024 2:37:50 AM,2024-08-21 02:37:50,2024-08-21 02:32:41
1064,,5,STKMAIN,C0STKA71,C0STKA71,1 Safety Relay Reset,1,8/21/2024 2:32:42 AM,2024-08-21 02:32:42,2024-08-21 02:32:41
9910,,10,STKMAIN,C0STKA71,C0STKA71,No defined alarm[STKMAIN],3,8/21/2024 2:37:51 AM,2024-08-21 02:37:51,2024-08-21 02:32:41
9001,,5,STKMAIN,C0STKA71,C0STKA71,SYSTEM INTERLOCK,1,8/21/2024 2:37:51 AM,2024-08-21 02:37:51,2024-08-21 02:32:41
9900,,5,STKMAIN,C0STKA71,C0STKA71,SYSTEM STOP,1,8/21/2024 2:37:54 AM,2024-08-21 02:37:54,2024-08-21 02:32:41
1001,,5,STKMAIN,C0STKA71,C0STKA71,OP DOOR OPEN,1,8/21/2024 2:37:45 AM,2024-08-21 02:37:45,2024-08-21 02:32:42
1245,,5,STKMAIN,C0STKA71,C0STKA71,Optical Modem Data Receive Error (RM2),1,8/21/2024 2:33:49 AM,2024-08-21 02:33:49,2024-08-21 02:33:41
1245,,5,STKMAIN,C0STKA71,C0STKA71,Optical Modem Data Receive Error (RM2),1,8/21/2024 2:34:02 AM,2024-08-21 02:34:02,2024-08-21 02:33:53
1245,,5,STKMAIN,C0STKA71,C0STKA71,Optical Modem Data Receive Error (RM2),1,8/21/2024 2:36:13 AM,2024-08-21 02:36:13,2024-08-21 02:36:04
584,0,0,CRANE,C0STKA71_C02,C0STKA71,[MANAUL] MU GRIP SW OFF(C0STKA71_M01),1,8/21/2024 2:38:24 AM,2024-08-21 02:38:24,2024-08-21 02:37:20
1064,,5,STKMAIN,C0STKA71,C0STKA71,1 Safety Relay Reset,1,8/21/2024 2:37:53 AM,2024-08-21 02:37:53,2024-08-21 02:37:45
510,0,0,CRANE,C0STKA71_C01,C0STKA71,PREVIOUS CRANE FAIL TO RETURNNING AN ORIGIN POINT,1,8/21/2024 2:42:56 AM,2024-08-21 02:42:56,2024-08-21 02:38:08
496,0,0,CRANE,C0STKA71_C02,C0STKA71,EXISTENCE OF LOAD AT ACTIVE SET BIT ON(C0STKA71_M01),1,8/21/2024 2:38:40 AM,2024-08-21 02:38:40,2024-08-21 02:38:24
496,0,0,CRANE,C0STKA71_C02,C0STKA71,EXISTENCE OF LOAD AT ACTIVE SET BIT ON(C0STKA71_M01),1,8/21/2024 2:38:52 AM,2024-08-21 02:38:52,2024-08-21 02:38:41
347,0,0,CRANE,C0STKA71_C02,C0STKA71,LOAD POSITION ERROR FOR DRIVING(C0STKA71_M01),1,8/21/2024 2:40:00 AM,2024-08-21 02:40:00,2024-08-21 02:38:53
1064,,5,STKMAIN,C0STKA71,C0STKA71,1 Safety Relay Reset,1,8/21/2024 2:39:35 AM,2024-08-21 02:39:35,2024-08-21 02:39:30
9910,,10,STKMAIN,C0STKA71,C0STKA71,No defined alarm[STKMAIN],3,8/21/2024 2:42:43 AM,2024-08-21 02:42:43,2024-08-21 02:39:30
9001,,5,STKMAIN,C0STKA71,C0STKA71,SYSTEM INTERLOCK,1,8/21/2024 2:42:43 AM,2024-08-21 02:42:43,2024-08-21 02:39:30
9900,,5,STKMAIN,C0STKA71,C0STKA71,SYSTEM STOP,1,8/21/2024 2:42:45 AM,2024-08-21 02:42:45,2024-08-21 02:39:30
1033,,5,STKMAIN,C0STKA71,C0STKA71,OP DOOR KEY UNLOCK,1,8/21/2024 2:42:42 AM,2024-08-21 02:42:42,2024-08-21 02:39:33
1001,,5,STKMAIN,C0STKA71,C0STKA71,OP DOOR OPEN,1,8/21/2024 2:42:40 AM,2024-08-21 02:42:40,2024-08-21 02:39:35
584,0,0,CRANE,C0STKA71_C02,C0STKA71,[MANAUL] MU GRIP SW OFF(C0STKA71_M01),1,8/21/2024 2:40:24 AM,2024-08-21 02:40:24,2024-08-21 02:40:10
584,0,0,CRANE,C0STKA71_C02,C0STKA71,[MANAUL] MU GRIP SW OFF(C0STKA71_M01),1,8/21/2024 2:41:01 AM,2024-08-21 02:41:01,2024-08-21 02:40:46
584,0,0,CRANE,C0STKA71_C02,C0STKA71,[MANAUL] MU GRIP SW OFF(C0STKA71_M01),1,8/21/2024 2:41:11 AM,2024-08-21 02:41:11,2024-08-21 02:41:07
584,0,0,CRANE,C0STKA71_C02,C0STKA71,[MANAUL] MU GRIP SW OFF(C0STKA71_M01),1,8/21/2024 2:41:24 AM,2024-08-21 02:41:24,2024-08-21 02:41:20
584,0,0,CRANE,C0STKA71_C02,C0STKA71,[MANAUL] MU GRIP SW OFF(C0STKA71_M01),1,8/21/2024 2:41:37 AM,2024-08-21 02:41:37,2024-08-21 02:41:28
584,0,0,CRANE,C0STKA71_C02,C0STKA71,[MANAUL] MU GRIP SW OFF(C0STKA71_M01),1,8/21/2024 2:42:06 AM,2024-08-21 02:42:06,2024-08-21 02:42:03
584,0,0,CRANE,C0STKA71_C02,C0STKA71,[MANAUL] MU GRIP SW OFF(C0STKA71_M01),1,8/21/2024 2:43:09 AM,2024-08-21 02:43:09,2024-08-21 02:42:23
1064,,5,STKMAIN,C0STKA71,C0STKA71,1 Safety Relay Reset,1,8/21/2024 2:42:44 AM,2024-08-21 02:42:44,2024-08-21 02:42:40
510,0,0,CRANE,C0STKA71_C01,C0STKA71,PREVIOUS CRANE FAIL TO RETURNNING AN ORIGIN POINT,1,8/21/2024 2:56:22 AM,2024-08-21 02:56:22,2024-08-21 02:42:56
496,0,0,CRANE,C0STKA71_C02,C0STKA71,EXISTENCE OF LOAD AT ACTIVE SET BIT ON(C0STKA71_M01),1,8/21/2024 2:43:34 AM,2024-08-21 02:43:34,2024-08-21 02:43:10
1064,,5,STKMAIN,C0STKA71,C0STKA71,1 Safety Relay Reset,1,8/21/2024 2:43:40 AM,2024-08-21 02:43:40,2024-08-21 02:43:26
9910,,10,STKMAIN,C0STKA71,C0STKA71,No defined alarm[STKMAIN],3,8/21/2024 2:56:00 AM,2024-08-21 02:56:00,2024-08-21 02:43:26
9001,,5,STKMAIN,C0STKA71,C0STKA71,SYSTEM INTERLOCK,1,8/21/2024 2:56:00 AM,2024-08-21 02:56:00,2024-08-21 02:43:26
9900,,5,STKMAIN,C0STKA71,C0STKA71,SYSTEM STOP,1,8/21/2024 2:56:01 AM,2024-08-21 02:56:01,2024-08-21 02:43:26
1033,,5,STKMAIN,C0STKA71,C0STKA71,OP DOOR KEY UNLOCK,1,8/21/2024 2:56:00 AM,2024-08-21 02:56:00,2024-08-21 02:43:27
654,0,0,CRANE,C0STKA71_C02,C0STKA71,Booth Reset S/W(C0STKA71_M01),1,8/21/2024 2:44:19 AM,2024-08-21 02:44:19,2024-08-21 02:43:34
1001,,5,STKMAIN,C0STKA71,C0STKA71,OP DOOR OPEN,1,8/21/2024 2:55:29 AM,2024-08-21 02:55:29,2024-08-21 02:43:40
584,0,0,CRANE,C0STKA71_C02,C0STKA71,[MANAUL] MU GRIP SW OFF(C0STKA71_M01),1,8/21/2024 2:44:56 AM,2024-08-21 02:44:56,2024-08-21 02:44:41
584,0,0,CRANE,C0STKA71_C02,C0STKA71,[MANAUL] MU GRIP SW OFF(C0STKA71_M01),1,8/21/2024 2:45:18 AM,2024-08-21 02:45:18,2024-08-21 02:45:10
584,6405,0,CRANE,C0STKA71_C02,C0STKA71,[MANAUL] MU GRIP SW OFF(C0STKA71_M01),1,8/21/2024 2:45:30 AM,2024-08-21 02:45:30,2024-08-21 02:45:23
584,0,0,CRANE,C0STKA71_C02,C0STKA71,[MANAUL] MU GRIP SW OFF(C0STKA71_M01),1,8/21/2024 2:45:37 AM,2024-08-21 02:45:37,2024-08-21 02:45:35
584,0,0,CRANE,C0STKA71_C02,C0STKA71,[MANAUL] MU GRIP SW OFF(C0STKA71_M01),1,8/21/2024 2:46:08 AM,2024-08-21 02:46:08,2024-08-21 02:46:04
584,0,0,CRANE,C0STKA71_C02,C0STKA71,[MANAUL] MU GRIP SW OFF(C0STKA71_M01),1,8/21/2024 2:46:31 AM,2024-08-21 02:46:31,2024-08-21 02:46:26
584,0,0,CRANE,C0STKA71_C02,C0STKA71,[MANAUL] MU GRIP SW OFF(C0STKA71_M01),1,8/21/2024 2:46:37 AM,2024-08-21 02:46:37,2024-08-21 02:46:35
584,0,0,CRANE,C0STKA71_C02,C0STKA71,[MANAUL] MU GRIP SW OFF(C0STKA71_M01),1,8/21/2024 2:46:55 AM,2024-08-21 02:46:55,2024-08-21 02:46:54
584,0,0,CRANE,C0STKA71_C02,C0STKA71,[MANAUL] MU GRIP SW OFF(C0STKA71_M01),1,8/21/2024 2:47:31 AM,2024-08-21 02:47:31,2024-08-21 02:47:30
584,0,0,CRANE,C0STKA71_C02,C0STKA71,[MANAUL] MU GRIP SW OFF(C0STKA71_M01),1,8/21/2024 2:47:56 AM,2024-08-21 02:47:56,2024-08-21 02:47:52
584,0,0,CRANE,C0STKA71_C02,C0STKA71,[MANAUL] MU GRIP SW OFF(C0STKA71_M01),1,8/21/2024 2:48:23 AM,2024-08-21 02:48:23,2024-08-21 02:48:07
584,0,0,CRANE,C0STKA71_C02,C0STKA71,[MANAUL] MU GRIP SW OFF(C0STKA71_M01),1,8/21/2024 2:48:32 AM,2024-08-21 02:48:32,2024-08-21 02:48:26
584,0,0,CRANE,C0STKA71_C02,C0STKA71,[MANAUL] MU GRIP SW OFF(C0STKA71_M01),1,8/21/2024 2:48:50 AM,2024-08-21 02:48:50,2024-08-21 02:48:38
584,0,0,CRANE,C0STKA71_C02,C0STKA71,[MANAUL] MU GRIP SW OFF(C0STKA71_M01),1,8/21/2024 2:49:27 AM,2024-08-21 02:49:27,2024-08-21 02:49:19
584,0,0,CRANE,C0STKA71_C02,C0STKA71,[MANAUL] MU GRIP SW OFF(C0STKA71_M01),1,8/21/2024 2:50:22 AM,2024-08-21 02:50:22,2024-08-21 02:50:11
584,0,0,CRANE,C0STKA71_C02,C0STKA71,[MANAUL] MU GRIP SW OFF(C0STKA71_M01),1,8/21/2024 2:50:31 AM,2024-08-21 02:50:31,2024-08-21 02:50:26
584,0,0,CRANE,C0STKA71_C02,C0STKA71,[MANAUL] MU GRIP SW OFF(C0STKA71_M01),1,8/21/2024 2:50:55 AM,2024-08-21 02:50:55,2024-08-21 02:50:47
584,0,0,CRANE,C0STKA71_C02,C0STKA71,[MANAUL] MU GRIP SW OFF(C0STKA71_M01),1,8/21/2024 2:51:01 AM,2024-08-21 02:51:01,2024-08-21 02:51:00
584,0,0,CRANE,C0STKA71_C02,C0STKA71,[MANAUL] MU GRIP SW OFF(C0STKA71_M01),1,8/21/2024 2:51:11 AM,2024-08-21 02:51:11,2024-08-21 02:51:06
584,0,0,CRANE,C0STKA71_C02,C0STKA71,[MANAUL] MU GRIP SW OFF(C0STKA71_M01),1,8/21/2024 2:51:39 AM,2024-08-21 02:51:39,2024-08-21 02:51:27
584,0,0,CRANE,C0STKA71_C02,C0STKA71,[MANAUL] MU GRIP SW OFF(C0STKA71_M01),1,8/21/2024 2:52:07 AM,2024-08-21 02:52:07,2024-08-21 02:52:05
584,0,0,CRANE,C0STKA71_C02,C0STKA71,[MANAUL] MU GRIP SW OFF(C0STKA71_M01),1,8/21/2024 2:53:05 AM,2024-08-21 02:53:05,2024-08-21 02:52:48
584,0,0,CRANE,C0STKA71_C02,C0STKA71,[MANAUL] MU GRIP SW OFF(C0STKA71_M01),1,8/21/2024 2:53:16 AM,2024-08-21 02:53:16,2024-08-21 02:53:12
584,0,0,CRANE,C0STKA71_C02,C0STKA71,[MANAUL] MU GRIP SW OFF(C0STKA71_M01),1,8/21/2024 2:54:09 AM,2024-08-21 02:54:09,2024-08-21 02:54:07
73,0,0,CRANE,C0STKA71_C02,C0STKA71,HP/OP MODE KEY S/W ERROR(C0STKA71_M01),1,8/21/2024 2:56:35 AM,2024-08-21 02:56:35,2024-08-21 02:54:12
1064,,5,STKMAIN,C0STKA71,C0STKA71,1 Safety Relay Reset,1,8/21/2024 2:55:36 AM,2024-08-21 02:55:36,2024-08-21 02:55:29
1001,,5,STKMAIN,C0STKA71,C0STKA71,OP DOOR OPEN,1,8/21/2024 2:55:55 AM,2024-08-21 02:55:55,2024-08-21 02:55:36
1064,,5,STKMAIN,C0STKA71,C0STKA71,1 Safety Relay Reset,1,8/21/2024 2:57:18 AM,2024-08-21 02:57:18,2024-08-21 02:55:55
654,0,0,CRANE,C0STKA71_C01,C0STKA71,Booth Reset S/W,1,8/21/2024 3:00:25 AM,2024-08-21 03:00:25,2024-08-21 02:56:22
654,0,0,CRANE,C0STKA71_C02,C0STKA71,Booth Reset S/W(C0STKA71_M01),1,8/21/2024 2:57:50 AM,2024-08-21 02:57:50,2024-08-21 02:56:35
1096,,0,STKMAIN,C0STKA71,C0STKA71,HP EXTERNAL EMO PUSH,1,8/21/2024 2:57:17 AM,2024-08-21 02:57:17,2024-08-21 02:57:16
1102,,0,STKMAIN,C0STKA71,C0STKA71,MCP EMO PUSH,1,8/21/2024 2:57:17 AM,2024-08-21 02:57:17,2024-08-21 02:57:16
1256,,10,STKMAIN,C0STKA71,C0STKA71,CPS#1 CONV RUN OFF,3,8/21/2024 2:58:29 AM,2024-08-21 02:58:29,2024-08-21 02:57:17
1064,,5,STKMAIN,C0STKA71,C0STKA71,1 Safety Relay Reset,1,8/21/2024 2:57:26 AM,2024-08-21 02:57:26,2024-08-21 02:57:23
9910,,10,STKMAIN,C0STKA71,C0STKA71,No defined alarm[STKMAIN],3,8/21/2024 2:57:24 AM,2024-08-21 02:57:24,2024-08-21 02:57:23
9001,,5,STKMAIN,C0STKA71,C0STKA71,SYSTEM INTERLOCK,1,8/21/2024 2:57:24 AM,2024-08-21 02:57:24,2024-08-21 02:57:23
9900,,5,STKMAIN,C0STKA71,C0STKA71,SYSTEM STOP,1,8/21/2024 2:57:27 AM,2024-08-21 02:57:27,2024-08-21 02:57:23
667,0,0,CRANE,C0STKA71_C02,C0STKA71,CPS #1(C0STKA71_M01),1,8/21/2024 2:58:06 AM,2024-08-21 02:58:06,2024-08-21 02:57:50
667,0,0,CRANE,C0STKA71_C02,C0STKA71,CPS #1(C0STKA71_M01),1,8/21/2024 2:58:16 AM,2024-08-21 02:58:16,2024-08-21 02:58:07
663,0,0,CRANE,C0STKA71_C02,C0STKA71,CPS(C0STKA71_M01),1,8/21/2024 2:58:31 AM,2024-08-21 02:58:31,2024-08-21 02:58:16
542,0,0,CRANE,C0STKA71_C02,C0STKA71,REG_ERR Erec Under Voltage(C0STKA71_M01),1,8/21/2024 3:00:30 AM,2024-08-21 03:00:30,2024-08-21 02:58:33
510,0,0,CRANE,C0STKA71_C01,C0STKA71,PREVIOUS CRANE FAIL TO RETURNNING AN ORIGIN POINT,1,8/21/2024 3:00:38 AM,2024-08-21 03:00:38,2024-08-21 03:00:25
510,0,0,CRANE,C0STKA71_C01,C0STKA71,PREVIOUS CRANE FAIL TO RETURNNING AN ORIGIN POINT,1,8/21/2024 3:00:56 AM,2024-08-21 03:00:56,2024-08-21 03:00:39
624,0,0,CRANE,C0STKA71_C02,C0STKA71,Software Stop(C0STKA71_M01),1,8/21/2024 3:01:08 AM,2024-08-21 03:01:08,2024-08-21 03:00:59
627,0,0,CRANE,C0STKA71_C02,C0STKA71,CST. Disappear(C0STKA71_M01),1,8/21/2024 3:01:21 AM,2024-08-21 03:01:21,2024-08-21 03:01:14
627,0,0,CRANE,C0STKA71_C02,C0STKA71,CST. Disappear(C0STKA71_M01),1,8/21/2024 3:01:29 AM,2024-08-21 03:01:29,2024-08-21 03:01:23
627,0,0,CRANE,C0STKA71_C02,C0STKA71,CST. Disappear(C0STKA71_M01),1,8/21/2024 3:01:36 AM,2024-08-21 03:01:36,2024-08-21 03:01:31
627,0,0,CRANE,C0STKA71_C02,C0STKA71,CST. Disappear(C0STKA71_M01),1,8/21/2024 3:04:43 AM,2024-08-21 03:04:43,2024-08-21 03:01:37
627,0,0,CRANE,C0STKA71_C02,C0STKA71,CST. Disappear(C0STKA71_M01),1,8/21/2024 3:06:22 AM,2024-08-21 03:06:22,2024-08-21 03:04:45
627,0,0,CRANE,C0STKA71_C02,C0STKA71,CST. Disappear(C0STKA71_M01),1,8/21/2024 3:12:29 AM,2024-08-21 03:12:29,2024-08-21 03:06:24
1033,,5,STKMAIN,C0STKA71,C0STKA71,OP DOOR KEY UNLOCK,1,8/21/2024 3:15:11 AM,2024-08-21 03:15:11,2024-08-21 03:12:27
1064,,5,STKMAIN,C0STKA71,C0STKA71,1 Safety Relay Reset,1,8/21/2024 3:12:29 AM,2024-08-21 03:12:29,2024-08-21 03:12:27
9910,,10,STKMAIN,C0STKA71,C0STKA71,No defined alarm[STKMAIN],3,8/21/2024 3:15:12 AM,2024-08-21 03:15:12,2024-08-21 03:12:27
9001,,5,STKMAIN,C0STKA71,C0STKA71,SYSTEM INTERLOCK,1,8/21/2024 3:15:12 AM,2024-08-21 03:15:12,2024-08-21 03:12:27
9900,,5,STKMAIN,C0STKA71,C0STKA71,SYSTEM STOP,1,8/21/2024 3:15:13 AM,2024-08-21 03:15:13,2024-08-21 03:12:27
654,0,0,CRANE,C0STKA71_C01,C0STKA71,Booth Reset S/W,1,8/21/2024 3:15:17 AM,2024-08-21 03:15:17,2024-08-21 03:12:28
1001,,5,STKMAIN,C0STKA71,C0STKA71,OP DOOR OPEN,1,8/21/2024 3:15:09 AM,2024-08-21 03:15:09,2024-08-21 03:12:29
654,0,0,CRANE,C0STKA71_C02,C0STKA71,Booth Reset S/W(C0STKA71_M01),1,8/21/2024 3:15:34 AM,2024-08-21 03:15:34,2024-08-21 03:12:29
1064,,5,STKMAIN,C0STKA71,C0STKA71,1 Safety Relay Reset,1,8/21/2024 3:16:51 AM,2024-08-21 03:16:51,2024-08-21 03:15:09
654,0,0,CRANE,C0STKA71_C01,C0STKA71,Booth Reset S/W,1,8/21/2024 3:15:28 AM,2024-08-21 03:15:28,2024-08-21 03:15:17
654,0,0,CRANE,C0STKA71_C01,C0STKA71,Booth Reset S/W,1,8/21/2024 3:15:44 AM,2024-08-21 03:15:44,2024-08-21 03:15:29
654,0,0,CRANE,C0STKA71_C02,C0STKA71,Booth Reset S/W(C0STKA71_M01),1,8/21/2024 3:16:00 AM,2024-08-21 03:16:00,2024-08-21 03:15:34
654,0,0,CRANE,C0STKA71_C01,C0STKA71,Booth Reset S/W,1,8/21/2024 3:16:07 AM,2024-08-21 03:16:07,2024-08-21 03:15:45
654,0,0,CRANE,C0STKA71_C02,C0STKA71,Booth Reset S/W(C0STKA71_M01),1,8/21/2024 3:17:07 AM,2024-08-21 03:17:07,2024-08-21 03:16:00
654,0,0,CRANE,C0STKA71_C01,C0STKA71,Booth Reset S/W,1,8/21/2024 3:16:15 AM,2024-08-21 03:16:15,2024-08-21 03:16:07
654,0,0,CRANE,C0STKA71_C01,C0STKA71,Booth Reset S/W,1,8/21/2024 3:16:35 AM,2024-08-21 03:16:35,2024-08-21 03:16:15
654,0,0,CRANE,C0STKA71_C01,C0STKA71,Booth Reset S/W,1,8/21/2024 3:16:43 AM,2024-08-21 03:16:43,2024-08-21 03:16:36
654,0,0,CRANE,C0STKA71_C01,C0STKA71,Booth Reset S/W,1,8/21/2024 3:16:59 AM,2024-08-21 03:16:59,2024-08-21 03:16:44
496,0,0,CRANE,C0STKA71_C02,C0STKA71,EXISTENCE OF LOAD AT ACTIVE SET BIT ON(C0STKA71_M01),1,8/21/2024 3:18:48 AM,2024-08-21 03:18:48,2024-08-21 03:17:07
496,0,0,CRANE,C0STKA71_C02,C0STKA71,EXISTENCE OF LOAD AT ACTIVE SET BIT ON(0101601),1,8/21/2024 3:19:30 AM,2024-08-21 03:19:30,2024-08-21 03:18:48
1033,,5,STKMAIN,C0STKA71,C0STKA71,OP DOOR KEY UNLOCK,1,8/21/2024 3:19:13 AM,2024-08-21 03:19:13,2024-08-21 03:19:11
1064,,5,STKMAIN,C0STKA71,C0STKA71,1 Safety Relay Reset,1,8/21/2024 3:19:15 AM,2024-08-21 03:19:15,2024-08-21 03:19:11
9910,,10,STKMAIN,C0STKA71,C0STKA71,No defined alarm[STKMAIN],3,8/21/2024 3:19:14 AM,2024-08-21 03:19:14,2024-08-21 03:19:11
9001,,5,STKMAIN,C0STKA71,C0STKA71,SYSTEM INTERLOCK,1,8/21/2024 3:19:14 AM,2024-08-21 03:19:14,2024-08-21 03:19:11
9900,,5,STKMAIN,C0STKA71,C0STKA71,SYSTEM STOP,1,8/21/2024 3:19:37 AM,2024-08-21 03:19:37,2024-08-21 03:19:11
654,0,0,CRANE,C0STKA71_C01,C0STKA71,Booth Reset S/W,1,8/21/2024 3:19:24 AM,2024-08-21 03:19:24,2024-08-21 03:19:12
496,0,0,CRANE,C0STKA71_C02,C0STKA71,EXISTENCE OF LOAD AT ACTIVE SET BIT ON(0100901),1,8/21/2024 3:22:27 AM,2024-08-21 03:22:27,2024-08-21 03:19:48
9900,,5,STKMAIN,C0STKA71,C0STKA71,SYSTEM STOP,1,8/21/2024 3:22:38 AM,2024-08-21 03:22:38,2024-08-21 03:20:40
1064,,5,STKMAIN,C0STKA71,C0STKA71,1 Safety Relay Reset,1,8/21/2024 3:20:56 AM,2024-08-21 03:20:56,2024-08-21 03:20:54
9910,,10,STKMAIN,C0STKA71,C0STKA71,No defined alarm[STKMAIN],3,8/21/2024 3:22:05 AM,2024-08-21 03:22:05,2024-08-21 03:20:54
9001,,5,STKMAIN,C0STKA71,C0STKA71,SYSTEM INTERLOCK,1,8/21/2024 3:22:05 AM,2024-08-21 03:22:05,2024-08-21 03:20:54
654,0,0,CRANE,C0STKA71_C01,C0STKA71,Booth Reset S/W,1,8/21/2024 3:22:22 AM,2024-08-21 03:22:22,2024-08-21 03:20:55
1033,,5,STKMAIN,C0STKA71,C0STKA71,OP DOOR KEY UNLOCK,1,8/21/2024 3:22:04 AM,2024-08-21 03:22:04,2024-08-21 03:20:55
1001,,5,STKMAIN,C0STKA71,C0STKA71,OP DOOR OPEN,1,8/21/2024 3:22:02 AM,2024-08-21 03:22:02,2024-08-21 03:20:56
1064,,5,STKMAIN,C0STKA71,C0STKA71,1 Safety Relay Reset,1,8/21/2024 3:22:12 AM,2024-08-21 03:22:12,2024-08-21 03:22:02
4,0,0,CRANE,C0STKA71_C01,C0STKA71,RM COLLISION PREVENTION SENSOR ERROR,1,8/21/2024 3:23:18 AM,2024-08-21 03:23:18,2024-08-21 03:22:51
510,6400,0,CRANE,C0STKA71_C02,C0STKA71,PREVIOUS CRANE FAIL TO RETURNNING AN ORIGIN POINT(0100901),1,8/21/2024 3:23:37 AM,2024-08-21 03:23:37,2024-08-21 03:22:52
4,0,0,CRANE,C0STKA71_C01,C0STKA71,RM COLLISION PREVENTION SENSOR ERROR,1,8/21/2024 3:30:43 AM,2024-08-21 03:30:43,2024-08-21 03:23:18
1033,,5,STKMAIN,C0STKA71,C0STKA71,OP DOOR KEY UNLOCK,1,8/21/2024 3:30:30 AM,2024-08-21 03:30:29,2024-08-21 03:23:35
1064,,5,STKMAIN,C0STKA71,C0STKA71,1 Safety Relay Reset,1,8/21/2024 3:23:38 AM,2024-08-21 03:23:37,2024-08-21 03:23:35
9910,,10,STKMAIN,C0STKA71,C0STKA71,No defined alarm[STKMAIN],3,8/21/2024 3:30:32 AM,2024-08-21 03:30:32,2024-08-21 03:23:35
9001,,5,STKMAIN,C0STKA71,C0STKA71,SYSTEM INTERLOCK,1,8/21/2024 3:30:32 AM,2024-08-21 03:30:32,2024-08-21 03:23:35
9900,,5,STKMAIN,C0STKA71,C0STKA71,SYSTEM STOP,1,8/21/2024 3:34:44 AM,2024-08-21 03:34:44,2024-08-21 03:23:35
654,0,0,CRANE,C0STKA71_C02,C0STKA71,Booth Reset S/W(0100901),1,8/21/2024 3:25:11 AM,2024-08-21 03:25:11,2024-08-21 03:23:37
1001,,5,STKMAIN,C0STKA71,C0STKA71,OP DOOR OPEN,1,8/21/2024 3:30:25 AM,2024-08-21 03:30:25,2024-08-21 03:23:37
238,0,0,CRANE,C0STKA71_C02,C0STKA71,TRV SERVO READY OFF(0100901),1,8/21/2024 3:25:59 AM,2024-08-21 03:25:59,2024-08-21 03:25:53
584,0,0,CRANE,C0STKA71_C02,C0STKA71,[MANAUL] MU GRIP SW OFF(0100901),1,8/21/2024 3:25:59 AM,2024-08-21 03:25:59,2024-08-21 03:25:59
238,0,0,CRANE,C0STKA71_C02,C0STKA71,TRV SERVO READY OFF(0100901),1,8/21/2024 3:26:53 AM,2024-08-21 03:26:53,2024-08-21 03:26:28
1245,,5,STKMAIN,C0STKA71,C0STKA71,Optical Modem Data Receive Error (RM2),1,8/21/2024 3:26:53 AM,2024-08-21 03:26:53,2024-08-21 03:26:44
167,0,0,CRANE,C0STKA71_C02,C0STKA71,AIsle Sensor DETECTED AT Teach Mode[MD_L](0100901),1,8/21/2024 3:26:57 AM,2024-08-21 03:26:57,2024-08-21 03:26:53
584,0,0,CRANE,C0STKA71_C02,C0STKA71,[MANAUL] MU GRIP SW OFF(0100901),1,8/21/2024 3:27:15 AM,2024-08-21 03:27:15,2024-08-21 03:27:03
584,0,0,CRANE,C0STKA71_C02,C0STKA71,[MANAUL] MU GRIP SW OFF(0100901),1,8/21/2024 3:28:04 AM,2024-08-21 03:28:04,2024-08-21 03:28:03
584,0,0,CRANE,C0STKA71_C02,C0STKA71,[MANAUL] MU GRIP SW OFF(0100901),1,8/21/2024 3:30:27 AM,2024-08-21 03:30:27,2024-08-21 03:30:10
1064,,5,STKMAIN,C0STKA71,C0STKA71,1 Safety Relay Reset,1,8/21/2024 3:30:32 AM,2024-08-21 03:30:32,2024-08-21 03:30:25
654,0,0,CRANE,C0STKA71_C02,C0STKA71,Booth Reset S/W(0100901),1,8/21/2024 3:30:59 AM,2024-08-21 03:30:59,2024-08-21 03:30:28
238,0,0,CRANE,C0STKA71_C01,C0STKA71,TRV SERVO READY OFF,1,8/21/2024 3:30:52 AM,2024-08-21 03:30:52,2024-08-21 03:30:43
510,0,0,CRANE,C0STKA71_C01,C0STKA71,PREVIOUS CRANE FAIL TO RETURNNING AN ORIGIN POINT,1,8/21/2024 3:31:24 AM,2024-08-21 03:31:24,2024-08-21 03:31:07
510,0,0,CRANE,C0STKA71_C01,C0STKA71,PREVIOUS CRANE FAIL TO RETURNNING AN ORIGIN POINT,1,8/21/2024 3:31:35 AM,2024-08-21 03:31:35,2024-08-21 03:31:24
510,0,0,CRANE,C0STKA71_C01,C0STKA71,PREVIOUS CRANE FAIL TO RETURNNING AN ORIGIN POINT,1,8/21/2024 3:33:29 AM,2024-08-21 03:33:29,2024-08-21 03:31:36
1064,,5,STKMAIN,C0STKA71,C0STKA71,1 Safety Relay Reset,1,8/21/2024 3:31:49 AM,2024-08-21 03:31:49,2024-08-21 03:31:41
9910,,10,STKMAIN,C0STKA71,C0STKA71,No defined alarm[STKMAIN],3,8/21/2024 3:34:24 AM,2024-08-21 03:34:24,2024-08-21 03:31:41
9001,,5,STKMAIN,C0STKA71,C0STKA71,SYSTEM INTERLOCK,1,8/21/2024 3:34:24 AM,2024-08-21 03:34:24,2024-08-21 03:31:41
654,0,0,CRANE,C0STKA71_C02,C0STKA71,Booth Reset S/W(0100901),1,8/21/2024 3:34:37 AM,2024-08-21 03:34:37,2024-08-21 03:31:42
1032,,5,STKMAIN,C0STKA71,C0STKA71,HP DOOR KEY UNLOCK,1,8/21/2024 3:34:24 AM,2024-08-21 03:34:24,2024-08-21 03:31:42
1000,,5,STKMAIN,C0STKA71,C0STKA71,HP DOOR OPEN,1,8/21/2024 3:34:14 AM,2024-08-21 03:34:14,2024-08-21 03:31:49
584,0,0,CRANE,C0STKA71_C01,C0STKA71,[MANAUL] MU GRIP SW OFF,1,8/21/2024 3:34:23 AM,2024-08-21 03:34:23,2024-08-21 03:34:02
1064,,5,STKMAIN,C0STKA71,C0STKA71,1 Safety Relay Reset,1,8/21/2024 3:34:26 AM,2024-08-21 03:34:26,2024-08-21 03:34:14
654,0,0,CRANE,C0STKA71_C01,C0STKA71,Booth Reset S/W,1,8/21/2024 3:34:32 AM,2024-08-21 03:34:32,2024-08-21 03:34:23
510,0,0,CRANE,C0STKA71_C02,C0STKA71,PREVIOUS CRANE FAIL TO RETURNNING AN ORIGIN POINT(0100901),1,8/21/2024 3:34:59 AM,2024-08-21 03:34:59,2024-08-21 03:34:47
510,0,0,CRANE,C0STKA71_C02,C0STKA71,PREVIOUS CRANE FAIL TO RETURNNING AN ORIGIN POINT(0100901),1,8/21/2024 3:35:10 AM,2024-08-21 03:35:10,2024-08-21 03:35:00
510,0,0,CRANE,C0STKA71_C02,C0STKA71,PREVIOUS CRANE FAIL TO RETURNNING AN ORIGIN POINT(0100901),1,8/21/2024 3:36:14 AM,2024-08-21 03:36:14,2024-08-21 03:35:10
510,0,0,CRANE,C0STKA71_C02,C0STKA71,PREVIOUS CRANE FAIL TO RETURNNING AN ORIGIN POINT(0100901),1,8/21/2024 3:36:29 AM,2024-08-21 03:36:29,2024-08-21 03:36:15
9900,,5,STKMAIN,C0STKA71,C0STKA71,SYSTEM STOP,1,8/21/2024 3:51:28 AM,2024-08-21 03:51:28,2024-08-21 03:36:22
510,0,0,CRANE,C0STKA71_C02,C0STKA71,PREVIOUS CRANE FAIL TO RETURNNING AN ORIGIN POINT(0100901),1,8/21/2024 3:37:15 AM,2024-08-21 03:37:15,2024-08-21 03:36:29
510,0,0,CRANE,C0STKA71_C02,C0STKA71,PREVIOUS CRANE FAIL TO RETURNNING AN ORIGIN POINT(0100901),1,8/21/2024 3:44:31 AM,2024-08-21 03:44:31,2024-08-21 03:37:16
1033,,5,STKMAIN,C0STKA71,C0STKA71,OP DOOR KEY UNLOCK,1,8/21/2024 3:37:31 AM,2024-08-21 03:37:31,2024-08-21 03:37:25
1064,,5,STKMAIN,C0STKA71,C0STKA71,1 Safety Relay Reset,1,8/21/2024 3:37:27 AM,2024-08-21 03:37:27,2024-08-21 03:37:25
9910,,10,STKMAIN,C0STKA71,C0STKA71,No defined alarm[STKMAIN],3,8/21/2024 3:37:31 AM,2024-08-21 03:37:31,2024-08-21 03:37:25
9001,,5,STKMAIN,C0STKA71,C0STKA71,SYSTEM INTERLOCK,1,8/21/2024 3:37:31 AM,2024-08-21 03:37:31,2024-08-21 03:37:25
654,0,0,CRANE,C0STKA71_C01,C0STKA71,Booth Reset S/W,1,8/21/2024 3:48:09 AM,2024-08-21 03:48:09,2024-08-21 03:37:26
1001,,5,STKMAIN,C0STKA71,C0STKA71,OP DOOR OPEN,1,8/21/2024 3:37:29 AM,2024-08-21 03:37:29,2024-08-21 03:37:27
1064,,5,STKMAIN,C0STKA71,C0STKA71,1 Safety Relay Reset,1,8/21/2024 3:37:35 AM,2024-08-21 03:37:35,2024-08-21 03:37:29
1064,,5,STKMAIN,C0STKA71,C0STKA71,1 Safety Relay Reset,1,8/21/2024 3:37:47 AM,2024-08-21 03:37:47,2024-08-21 03:37:41
9910,,10,STKMAIN,C0STKA71,C0STKA71,No defined alarm[STKMAIN],3,8/21/2024 3:51:07 AM,2024-08-21 03:51:07,2024-08-21 03:37:41
9001,,5,STKMAIN,C0STKA71,C0STKA71,SYSTEM INTERLOCK,1,8/21/2024 3:51:07 AM,2024-08-21 03:51:07,2024-08-21 03:37:41
1032,,5,STKMAIN,C0STKA71,C0STKA71,HP DOOR KEY UNLOCK,1,8/21/2024 3:51:07 AM,2024-08-21 03:51:07,2024-08-21 03:37:42
1000,,5,STKMAIN,C0STKA71,C0STKA71,HP DOOR OPEN,1,8/21/2024 3:50:18 AM,2024-08-21 03:50:18,2024-08-21 03:37:47
1033,,5,STKMAIN,C0STKA71,C0STKA71,OP DOOR KEY UNLOCK,1,8/21/2024 3:45:35 AM,2024-08-21 03:45:35,2024-08-21 03:39:37
1001,,5,STKMAIN,C0STKA71,C0STKA71,OP DOOR OPEN,1,8/21/2024 3:41:23 AM,2024-08-21 03:41:23,2024-08-21 03:39:38
1245,,5,STKMAIN,C0STKA71,C0STKA71,Optical Modem Data Receive Error (RM2),1,8/21/2024 3:39:53 AM,2024-08-21 03:39:53,2024-08-21 03:39:44
1245,,5,STKMAIN,C0STKA71,C0STKA71,Optical Modem Data Receive Error (RM2),1,8/21/2024 3:40:48 AM,2024-08-21 03:40:48,2024-08-21 03:40:39
1001,,5,STKMAIN,C0STKA71,C0STKA71,OP DOOR OPEN,1,8/21/2024 3:45:32 AM,2024-08-21 03:45:32,2024-08-21 03:43:34
584,0,0,CRANE,C0STKA71_C02,C0STKA71,[MANAUL] MU GRIP SW OFF(0100901),1,8/21/2024 3:44:49 AM,2024-08-21 03:44:49,2024-08-21 03:44:39
510,0,0,CRANE,C0STKA71_C02,C0STKA71,PREVIOUS CRANE FAIL TO RETURNNING AN ORIGIN POINT(0100901),1,8/21/2024 3:51:15 AM,2024-08-21 03:51:15,2024-08-21 03:45:24
584,0,0,CRANE,C0STKA71_C01,C0STKA71,[MANAUL] MU GRIP SW OFF,1,8/21/2024 3:48:19 AM,2024-08-21 03:48:19,2024-08-21 03:48:14
584,0,0,CRANE,C0STKA71_C01,C0STKA71,[MANAUL] MU GRIP SW OFF,1,8/21/2024 3:48:34 AM,2024-08-21 03:48:34,2024-08-21 03:48:28
584,0,0,CRANE,C0STKA71_C01,C0STKA71,[MANAUL] MU GRIP SW OFF,1,8/21/2024 3:48:46 AM,2024-08-21 03:48:46,2024-08-21 03:48:41
584,0,0,CRANE,C0STKA71_C01,C0STKA71,[MANAUL] MU GRIP SW OFF,1,8/21/2024 3:50:25 AM,2024-08-21 03:50:25,2024-08-21 03:48:49
1064,,5,STKMAIN,C0STKA71,C0STKA71,1 Safety Relay Reset,1,8/21/2024 3:51:09 AM,2024-08-21 03:51:09,2024-08-21 03:50:18
654,0,0,CRANE,C0STKA71_C01,C0STKA71,Booth Reset S/W,1,8/21/2024 3:51:10 AM,2024-08-21 03:51:10,2024-08-21 03:50:25
510,0,0,CRANE,C0STKA71_C02,C0STKA71,PREVIOUS CRANE FAIL TO RETURNNING AN ORIGIN POINT(0100901),1,8/21/2024 3:51:46 AM,2024-08-21 03:51:46,2024-08-21 03:51:15
510,0,0,CRANE,C0STKA71_C02,C0STKA71,PREVIOUS CRANE FAIL TO RETURNNING AN ORIGIN POINT(0100901),1,8/21/2024 3:51:54 AM,2024-08-21 03:51:54,2024-08-21 03:51:46
510,0,0,CRANE,C0STKA71_C02,C0STKA71,PREVIOUS CRANE FAIL TO RETURNNING AN ORIGIN POINT(0100901),1,8/21/2024 3:52:17 AM,2024-08-21 03:52:17,2024-08-21 03:51:54
627,0,0,CRANE,C0STKA71_C02,C0STKA71,CST. Disappear(0100901),1,8/21/2024 3:56:40 AM,2024-08-21 03:56:40,2024-08-21 03:52:31
627,0,0,CRANE,C0STKA71_C02,C0STKA71,CST. Disappear(0100901),1,8/21/2024 4:00:13 AM,2024-08-21 04:00:13,2024-08-21 03:56:41
2109,,5,PORT,C0STKA71_M01,C0STKA71,DIVERTERINITIAL STOP SENABNORMAL,1,8/21/2024 8:21:50 AM,2024-08-21 08:21:50,2024-08-21 08:21:44
2109,,5,PORT,C0STKA71_M01,C0STKA71,DIVERTERINITIAL STOP SENABNORMAL,1,8/21/2024 8:22:00 AM,2024-08-21 08:22:00,2024-08-21 08:21:58
666,0,0,CRANE,C0STKA71_C01,C0STKA71,Light Curtain,1,8/21/2024 1:53:55 PM,2024-08-21 13:53:55,2024-08-21 13:52:00
666,0,0,CRANE,C0STKA71_C02,C0STKA71,Light Curtain,1,8/21/2024 1:53:46 PM,2024-08-21 13:53:46,2024-08-21 13:52:00
2047,,5,PORT,C0STKA71_P11,C0STKA71,LIGHT CURTAIN DETECT,1,8/21/2024 1:52:44 PM,2024-08-21 13:52:44,2024-08-21 13:52:01
2047,,5,PORT,C0STKA71_P10,C0STKA71,LIGHT CURTAIN DETECT,1,8/21/2024 1:52:44 PM,2024-08-21 13:52:44,2024-08-21 13:52:01
2109,,5,PORT,C0STKA71_M01,C0STKA71,DIVERTERINITIAL STOP SENABNORMAL,1,8/21/2024 4:46:43 PM,2024-08-21 16:46:43,2024-08-21 16:46:30
2050,,5,PORT,C0STKA71_M01,C0STKA71,TRANSFER REJECTED BY MES,1,8/21/2024 4:47:35 PM,2024-08-21 16:47:35,2024-08-21 16:47:25
2050,,5,PORT,C0STKA71_M01,C0STKA71,TRANSFER REJECTED BY MES,1,8/21/2024 4:49:12 PM,2024-08-21 16:49:12,2024-08-21 16:49:10
2109,,5,PORT,C0STKA71_M01,C0STKA71,DIVERTERINITIAL STOP SENABNORMAL,1,8/22/2024 2:24:03 AM,2024-08-22 02:24:03,2024-08-22 02:24:00
403,0,0,CRANE,C0STKA71_C02,C0STKA71,SOURCE EMPTY AT PICKUP(0100901),1,8/23/2024 8:54:37 AM,2024-08-23 08:54:37,2024-08-23 08:54:36
403,0,0,CRANE,C0STKA71_C02,C0STKA71,SOURCE EMPTY AT PICKUP(0100901),1,8/23/2024 8:54:41 AM,2024-08-23 08:54:41,2024-08-23 08:54:40
403,0,0,CRANE,C0STKA71_C02,C0STKA71,SOURCE EMPTY AT PICKUP(0100901),1,8/23/2024 8:54:45 AM,2024-08-23 08:54:45,2024-08-23 08:54:45
403,0,0,CRANE,C0STKA71_C02,C0STKA71,SOURCE EMPTY AT PICKUP(0100901),1,8/23/2024 8:54:50 AM,2024-08-23 08:54:50,2024-08-23 08:54:49
403,0,0,CRANE,C0STKA71_C02,C0STKA71,SOURCE EMPTY AT PICKUP(0100901),1,8/23/2024 8:54:54 AM,2024-08-23 08:54:54,2024-08-23 08:54:53
403,0,0,CRANE,C0STKA71_C02,C0STKA71,SOURCE EMPTY AT PICKUP(0100901),1,8/23/2024 8:54:58 AM,2024-08-23 08:54:58,2024-08-23 08:54:57
403,0,0,CRANE,C0STKA71_C02,C0STKA71,SOURCE EMPTY AT PICKUP(0100901),1,8/23/2024 8:55:02 AM,2024-08-23 08:55:02,2024-08-23 08:55:01
403,0,0,CRANE,C0STKA71_C02,C0STKA71,SOURCE EMPTY AT PICKUP(0100901),1,8/23/2024 8:55:06 AM,2024-08-23 08:55:06,2024-08-23 08:55:05
403,0,0,CRANE,C0STKA71_C02,C0STKA71,SOURCE EMPTY AT PICKUP(0100901),1,8/23/2024 8:55:10 AM,2024-08-23 08:55:10,2024-08-23 08:55:09
403,0,0,CRANE,C0STKA71_C02,C0STKA71,SOURCE EMPTY AT PICKUP(0100901),1,8/23/2024 8:55:14 AM,2024-08-23 08:55:14,2024-08-23 08:55:13
403,0,0,CRANE,C0STKA71_C02,C0STKA71,SOURCE EMPTY AT PICKUP(0100901),1,8/23/2024 8:55:18 AM,2024-08-23 08:55:18,2024-08-23 08:55:17
403,0,0,CRANE,C0STKA71_C02,C0STKA71,SOURCE EMPTY AT PICKUP(0100901),1,8/23/2024 8:55:22 AM,2024-08-23 08:55:22,2024-08-23 08:55:21
403,0,0,CRANE,C0STKA71_C02,C0STKA71,SOURCE EMPTY AT PICKUP(0100901),1,8/23/2024 8:55:26 AM,2024-08-23 08:55:26,2024-08-23 08:55:26
403,0,0,CRANE,C0STKA71_C02,C0STKA71,SOURCE EMPTY AT PICKUP(0100901),1,8/23/2024 8:55:30 AM,2024-08-23 08:55:30,2024-08-23 08:55:30
403,0,0,CRANE,C0STKA71_C02,C0STKA71,SOURCE EMPTY AT PICKUP(0100901),1,8/23/2024 8:55:34 AM,2024-08-23 08:55:34,2024-08-23 08:55:34
403,0,0,CRANE,C0STKA71_C02,C0STKA71,SOURCE EMPTY AT PICKUP(0100901),1,8/23/2024 8:55:39 AM,2024-08-23 08:55:39,2024-08-23 08:55:38
403,0,0,CRANE,C0STKA71_C02,C0STKA71,SOURCE EMPTY AT PICKUP(0100901),1,8/23/2024 8:55:43 AM,2024-08-23 08:55:43,2024-08-23 08:55:42
9900,,5,STKMAIN,C0STKA71,C0STKA71,SYSTEM STOP,1,8/23/2024 8:55:52 AM,2024-08-23 08:55:52,2024-08-23 08:55:44
9900,,5,STKMAIN,C0STKA71,C0STKA71,SYSTEM STOP,1,8/23/2024 8:55:59 AM,2024-08-23 08:55:59,2024-08-23 08:55:53
403,0,0,CRANE,C0STKA71_C02,C0STKA71,SOURCE EMPTY AT PICKUP(0100901),1,8/23/2024 8:56:04 AM,2024-08-23 08:56:04,2024-08-23 08:56:04
510,0,0,CRANE,C0STKA71_C01,C0STKA71,PREVIOUS CRANE FAIL TO RETURNNING AN ORIGIN POINT,1,8/23/2024 8:56:24 AM,2024-08-23 08:56:24,2024-08-23 08:56:05
9900,,5,STKMAIN,C0STKA71,C0STKA71,SYSTEM STOP,1,8/23/2024 8:57:01 AM,2024-08-23 08:57:01,2024-08-23 08:56:13
510,0,0,CRANE,C0STKA71_C01,C0STKA71,PREVIOUS CRANE FAIL TO RETURNNING AN ORIGIN POINT,1,8/23/2024 8:56:30 AM,2024-08-23 08:56:30,2024-08-23 08:56:25
2050,,5,PORT,C0STKA71_M01,C0STKA71,TRANSFER REJECTED BY MES,1,8/24/2024 12:44:32 AM,2024-08-24 00:44:32,2024-08-24 00:44:24
2050,,5,PORT,C0STKA71_M01,C0STKA71,TRANSFER REJECTED BY MES,1,8/24/2024 1:57:21 AM,2024-08-24 01:57:21,2024-08-24 01:57:16
2050,,5,PORT,C0STKA71_M01,C0STKA71,TRANSFER REJECTED BY MES,1,8/24/2024 1:58:10 AM,2024-08-24 01:58:10,2024-08-24 01:58:01
2022,,5,PORT,C0STKA71_M01,C0STKA71,DRIVE MANUAL,1,8/24/2024 10:57:28 AM,2024-08-24 10:57:28,2024-08-24 10:57:27
2050,,5,PORT,C0STKA71_M01,C0STKA71,TRANSFER REJECTED BY MES,1,8/24/2024 11:20:21 AM,2024-08-24 11:20:21,2024-08-24 11:20:05
